房源名称,户型,面向,面积,所属区,地址,价钱
整租・粼江峰阁,2室1厅,东南,102O,锦江区,锦江九眼桥,3600 元/月
时代豪庭三期,3室1厅,东北,143O,锦江区,锦江合江亭,12000 元/月
合租・中房优山PLUS,5居室,南卧,18O,锦江区,锦江东客站,1300 元/月
合租・中房优山PLUS,4居室,南卧,24O,锦江区,锦江东客站,1120 元/月
整租・外滩,3室1厅,东,126O,锦江区,锦江九眼桥,4200 元/月
合租・中房优山PLUS,4居室,南卧,18O,锦江区,锦江东客站,1250 元/月
整租・粼江峰阁,1室1厅,西南,72O,锦江区,锦江九眼桥,2900 元/月
世纪朝阳,2室1厅,东南,92O,锦江区,锦江九眼桥,3500 元/月
合租・新希望锦官阁,5居室,南卧,12O,锦江区,锦江沙河堡,1390 元/月
粼江峰阁,3室1厅,东南,148O,锦江区,锦江九眼桥,5300 元/月
恒大都汇华庭,1室1厅,东,68O,锦江区,锦江合江亭,4000 元/月
合租・澳龙名城,3居室,南卧,13O,锦江区,锦江攀成钢,1590 元/月
恒大都汇华庭,1室1厅,西,76O,锦江区,锦江合江亭,5000 元/月
整租・镏金岁月,1室1厅,东北,54O,锦江区,锦江攀成钢,2100 元/月
整租・绿地468公馆三期,5室1厅,南,89O,锦江区,锦江三圣乡,3280 元/月
锦江明珠,1室1厅,西南,73O,锦江区,锦江盐市口,2900 元/月
恒大都汇华庭,1室1厅,北,66O,锦江区,锦江合江亭,5000 元/月
合租・首创娇子1号,4居室,南卧,12O,锦江区,锦江卓锦城,627 元/月
城市理想,1室1厅,东南,55O,锦江区,锦江盐市口,3900 元/月
合租・澳龙名城,4居室,西北卧,14O,锦江区,锦江攀成钢,1560 元/月
整租・世代锦江商务楼,3室1厅,西北,151O,锦江区,锦江盐市口,9000 元/月
整租・望江嘉苑,2室1厅,东,80O,锦江区,锦江三官堂,2600 元/月
ICC天曜,2室1厅,西南,128O,锦江区,锦江东大路,4000 元/月
合租・中房优山PLUS,5居室,南卧,12O,锦江区,锦江东客站,870 元/月
整租・学道街111号,3室0厅,东,59O,锦江区,锦江盐市口,2900 元/月
财富中心,1室1厅,西南,48O,锦江区,锦江盐市口,3000 元/月
合租・中港CCPARK,4居室,南卧,16O,锦江区,锦江东湖,994 元/月
时代豪庭三期,2室1厅,北,112O,锦江区,锦江合江亭,8000 元/月
合租・中港CCPARK,4居室,南卧,17O,锦江区,锦江东湖,1196 元/月
粼江峰阁,1室1厅,南,72O,锦江区,锦江九眼桥,3500 元/月
合租・新希望锦官阁,5居室,南卧,9O,锦江区,锦江沙河堡,830 元/月
合租・中粮鸿云,5居室,南卧,12O,锦江区,锦江东大路,650 元/月
合租・蜀都花园,4居室,南卧,10O,锦江区,锦江水碾河,1090 元/月
合租・蜀都花园,4居室,西卧,18O,锦江区,锦江水碾河,1360 元/月
合租・中粮鸿云,4居室,南卧,12O,锦江区,锦江东大路,920 元/月
金海岸公寓,3室1厅,南,110O,锦江区,锦江合江亭,5300 元/月
天紫界,1室0厅,东南,30O,锦江区,锦江九眼桥,2200 元/月
整租・蓝润V客东都一期,3室2厅,东南,80O,锦江区,锦江三圣乡,2800 元/月
整租・上行汇锦,2室2厅,东,84O,锦江区,锦江合江亭,3100 元/月
合租・比华利国际城二期,3居室,东南卧,22O,锦江区,锦江川师,1180 元/月
合租・中粮鸿云,4居室,东卧,8O,锦江区,锦江东大路,990 元/月
锦江印象,1室1厅,东南,45O,锦江区,锦江合江亭,3800 元/月
合租・比华利国际城二期,3居室,东南卧,14O,锦江区,锦江川师,900 元/月
合租・比华利国际城二期,3居室,东南卧,18O,锦江区,锦江川师,1080 元/月
合租・锦蓉佳苑,5居室,东卧,11O,锦江区,锦江三圣乡,780 元/月
合租・比华利国际城二期,5居室,东南卧,20O,锦江区,锦江川师,1100 元/月
合租・镏金岁月,3居室,南卧,10O,锦江区,锦江攀成钢,1260 元/月
整租・摩根中心,2室1厅,东,90O,锦江区,锦江九眼桥,3800 元/月
合租・莲花逸都,3居室,东卧,11O,锦江区,锦江九眼桥,1430 元/月
合租・比华利国际城二期,5居室,东南卧,14O,锦江区,锦江川师,930 元/月
合租・比华利国际城一期,4居室,东南卧,14O,锦江区,锦江川师,900 元/月
合租・康郡,4居室,东卧,10O,锦江区,锦江东光小区,1090 元/月
整租・国嘉新视界,2室1厅,东南,67O,锦江区,锦江九眼桥,2300 元/月
整租・天紫界,2室1厅,东北,58O,锦江区,锦江九眼桥,3300 元/月
香江花园,2室1厅,南,71O,锦江区,锦江东光小区,1900 元/月
整租・中粮鸿云,3室1厅,东南,79O,锦江区,锦江东大路,4200 元/月
整租・时代豪庭二期,2室1厅,东南,114O,锦江区,锦江合江亭,7500 元/月
粼江峰阁,4室1厅,东南,170O,锦江区,锦江九眼桥,5500 元/月
合租・乐天圣苑,3居室,西南卧,14O,锦江区,锦江东大路,1590 元/月
莲花新区南一巷2号院,2室1厅,东南,67O,锦江区,锦江莲花,1800 元/月
整租・莲花逸都,2室1厅,南,56O,锦江区,锦江九眼桥,2800 元/月
整租・中房优山PLUS,3室2厅,南,108O,锦江区,锦江东客站,3900 元/月
天紫界,2室1厅,东南,80O,锦江区,锦江九眼桥,4200 元/月
朝阳名宅,2室1厅,南,108O,锦江区,锦江九眼桥,3400 元/月
世纪朝阳,2室1厅,东南,92O,锦江区,锦江九眼桥,3300 元/月
三洲娇子苑,3室1厅,东南/南,150O,锦江区,锦江红星路,4800 元/月
合租・乐天圣苑,3居室,南卧,16O,锦江区,锦江东大路,1100 元/月
合租・首创娇子1号,4居室,南卧,14O,锦江区,锦江卓锦城,664 元/月
恒大都汇华庭,1室1厅,南,80O,锦江区,锦江合江亭,6500 元/月
合租・首创娇子1号,4居室,南卧,16O,锦江区,锦江卓锦城,655 元/月
恒大都汇华庭,1室1厅,东,68O,锦江区,锦江合江亭,5500 元/月
合租・首创娇子1号,4居室,南卧,9O,锦江区,锦江卓锦城,626 元/月
比华利国际城三期,3室1厅,东南,80O,锦江区,锦江川师,3200 元/月
合租・中房优山PLUS,5居室,南卧,13O,锦江区,锦江东客站,890 元/月
整租・仁恒滨河湾,3室1厅,南,176O,锦江区,锦江东大路,11000 元/月
合租・中港CCPARK,4居室,南卧,25O,锦江区,锦江东湖,1215 元/月
粼江峰阁,4室1厅,西南,169O,锦江区,锦江九眼桥,6000 元/月
独栋・橙堡公寓,锦江华宇店,loft楼上平层,70O,锦江区,,2600 元/月
整租・瑞升国际中心,3室2厅,东南,89O,锦江区,锦江三官堂,6500 元/月
整租・瑞升国际中心,4室2厅,南,130O,锦江区,锦江三官堂,7800 元/月
整租・瑞升国际中心,3室2厅,东南,98O,锦江区,锦江三官堂,5000 元/月
天紫界,1室1厅,西南,62O,锦江区,锦江九眼桥,3400 元/月
天紫界,1室1厅,西南,62O,锦江区,锦江九眼桥,3200 元/月
整租・时代晶科名苑,2室2厅,北,103O,锦江区,高新市一医院,6200 元/月
合租・中粮鸿云,5居室,南卧,10O,锦江区,锦江东大路,920 元/月
整租・莲花逸都,1室1厅,东,51O,锦江区,锦江九眼桥,2100 元/月
合租・中粮鸿云,4居室,南卧,14O,锦江区,锦江东大路,920 元/月
时代豪庭一期,2室1厅,东南,106O,锦江区,锦江合江亭,7000 元/月
整租・瑞升国际中心,3室2厅,南,102O,锦江区,锦江三官堂,6800 元/月
合租・中房优山PLUS,4居室,南卧,15O,锦江区,锦江东客站,1098 元/月
合租・中房优山PLUS,4居室,南卧,16O,锦江区,锦江东客站,900 元/月
摩根中心,2室1厅,东南,89O,锦江区,锦江九眼桥,3300 元/月
合租・中房优山PLUS,4居室,南卧,18O,锦江区,锦江东客站,1000 元/月
锦江印象,1室1厅,西北,45O,锦江区,锦江合江亭,2200 元/月
合租・中房优山PLUS,4居室,南卧,18O,锦江区,锦江东客站,1250 元/月
合租・中房优山PLUS,4居室,南卧,18O,锦江区,锦江东客站,1250 元/月
合租・朝阳名宅,3居室,西卧,9O,锦江区,锦江九眼桥,1130 元/月
合租・蜀都花园,4居室,东北卧,13O,锦江区,锦江水碾河,1190 元/月
蓉上坊一期,2室1厅,南,90O,锦江区,锦江合江亭,4200 元/月
上行汇锦,2室2厅,南,79O,锦江区,锦江合江亭,3000 元/月
恒大都汇华庭,1室1厅,西南,68O,锦江区,锦江合江亭,5200 元/月
独栋・成都泊寓,锦华店,温馨派-32号户型,28O,锦江区,,1338 元/月
锦江城市花园一期,2室1厅,东,50O,锦江区,锦江三圣乡,1700 元/月
南沟头巷20号,1室1厅,南,58O,锦江区,锦江盐市口,2300 元/月
整租・锦江城市花园三期,2室1厅,东北,55O,锦江区,锦江三圣乡,1600 元/月
合租・朝阳名宅,3居室,西卧,10O,锦江区,锦江九眼桥,1130 元/月
合租・莲花逸都,3居室,东卧,12O,锦江区,锦江九眼桥,1290 元/月
下莲池街5号,3室1厅,南,141O,锦江区,锦江合江亭,4500 元/月
恒大都汇华庭,1室1厅,东,68O,锦江区,锦江合江亭,5300 元/月
恒大都汇华庭,1室1厅,东南,51O,锦江区,锦江合江亭,5200 元/月
合租・上行汇锦,4居室,南卧,17O,锦江区,锦江合江亭,1730 元/月
合租・中房优山PLUS,5居室,南卧,13O,锦江区,锦江东客站,890 元/月
财富中心,1室1厅,南,47O,锦江区,锦江盐市口,2400 元/月
合租・东湖国际,3居室,北卧,16O,锦江区,锦江东湖,1330 元/月
仁恒滨河湾,3室2厅,东南/南,125O,锦江区,锦江东大路,7700 元/月
皇城公寓,5室2厅,东,180O,锦江区,锦江盐市口,5000 元/月
合租・ICC凯旋门,4居室,西南卧,15O,锦江区,锦江东大路,1330 元/月
蓉上坊二期,3室2厅,东,125O,锦江区,锦江合江亭,5200 元/月
整租・锦蓉佳苑,2室2厅,东南,84O,锦江区,锦江三圣乡,2600 元/月
整租・ICC天曜,2室1厅,东南,128O,锦江区,锦江东大路,5000 元/月
鑫苑名家一期,1室0厅,西南,41O,锦江区,锦江卓锦城,1200 元/月
整租・米市坝61号院,2室1厅,东北,74O,锦江区,锦江九眼桥,1200 元/月
整租・天誉南庭,3室2厅,东南,92O,锦江区,锦江攀成钢,4500 元/月
蓉上坊一期,2室2厅,南,89O,锦江区,锦江合江亭,3500 元/月
莲花逸都,3室2厅,西北/东北,110O,锦江区,锦江九眼桥,5000 元/月
独栋・朗诗寓,琉璃场店,LOFT,45O,锦江区,,2138 元/月
摩根中心,2室1厅,东南,85O,锦江区,锦江九眼桥,5500 元/月
整租・摩根中心,1室1厅,东南,56O,锦江区,锦江九眼桥,2800 元/月
整租・水碾河南三街6号,3室0厅,西南,76O,锦江区,锦江水碾河,2200 元/月
合租・锦东庭园,4居室,东卧,18O,锦江区,锦江沙河堡,1080 元/月
蓉上坊二期,3室1厅,南,136O,锦江区,锦江合江亭,7500 元/月
沙河壹号二期,2室2厅,东南,74O,锦江区,锦江沙河堡,2500 元/月
财富中心,1室1厅,东,50O,锦江区,锦江盐市口,2350 元/月
合租・龙井苑,6居室,北卧,12O,锦江区,锦江合江亭,650 元/月
恒大都汇华庭,1室1厅,南/北,68O,锦江区,锦江合江亭,5500 元/月
萧邦,2室1厅,东,51O,锦江区,锦江盐市口,4000 元/月
缤舍,2室1厅,东,60O,锦江区,锦江盐市口,3800 元/月
天紫界,1室0厅,南,30O,锦江区,锦江九眼桥,2200 元/月
整租・中港CCPARK,3室2厅,南,112O,锦江区,锦江东湖,6500 元/月
整租・瑞升国际中心,1室1厅,东南,47O,锦江区,锦江三官堂,3800 元/月
恒大都汇华庭,1室1厅,东南,67O,锦江区,锦江合江亭,4500 元/月
摩根中心,1室1厅,东南,59O,锦江区,锦江九眼桥,2500 元/月
沙河壹号二期,3室1厅,南,93O,锦江区,锦江沙河堡,2500 元/月
整租・忠烈祠东街51号,2室1厅,南/北,65O,锦江区,锦江盐市口,1900 元/月
天紫界,1室0厅,西南,30O,锦江区,锦江九眼桥,2250 元/月
E钯街74号院,2室1厅,南,52O,锦江区,锦江合江亭,2200 元/月
莲花逸都,1室1厅,东南,53O,锦江区,锦江九眼桥,2300 元/月
整租・泰合国际财富中心,1室1厅,东南/南,58O,锦江区,锦江攀成钢,3500 元/月
合租・中粮鸿云,4居室,南卧,16O,锦江区,锦江东大路,1100 元/月
合租・中房优山PLUS,4居室,南卧,16O,锦江区,锦江东客站,950 元/月
合租・中房优山PLUS,4居室,南卧,16O,锦江区,锦江东客站,950 元/月
合租・中房优山PLUS,4居室,南卧,16O,锦江区,锦江东客站,950 元/月
合租・中房优山PLUS,4居室,南卧,16O,锦江区,锦江东客站,950 元/月
华润幸福里一期,2室2厅,东南,77O,锦江区,锦江川师,3400 元/月
天紫界,1室0厅,西南,30O,锦江区,锦江九眼桥,2300 元/月
合租・中房优山PLUS,4居室,南卧,17O,锦江区,锦江东客站,1000 元/月
独栋・乐乎城市青年社区,春熙路店,绿青萝2.0A,南,锦江区,,1950-2600 元/月
合租・中房优山PLUS,4居室,南卧,14O,锦江区,锦江东客站,900 元/月
合租・中房优山PLUS,5居室,南卧,18O,锦江区,锦江东客站,1100 元/月
合租・世纪朝阳,5居室,东南卧,9O,锦江区,锦江九眼桥,850 元/月
合租・中房优山PLUS,5居室,南卧,15O,锦江区,锦江东客站,900 元/月
天誉花园,3室1厅,西南,137O,锦江区,锦江东大路,5200 元/月
合租・中房优山PLUS,4居室,南卧,18O,锦江区,锦江东客站,1100 元/月
合租・中房优山PLUS,4居室,南卧,14O,锦江区,锦江东客站,900 元/月
整租・泰合国际财富中心,2室1厅,东南/南,88O,锦江区,锦江攀成钢,3998 元/月
合租・中粮鸿云,4居室,南卧,16O,锦江区,锦江东大路,1000 元/月
镏金岁月,2室1厅,东南,75O,锦江区,锦江攀成钢,3000 元/月
整租・蓝润V客东都一期,3室1厅,东南/西南,84O,锦江区,锦江三圣乡,3000 元/月
城市理想,1室0厅,南,40O,锦江区,锦江盐市口,3500 元/月
合租・人居锦尚春天A区,5居室,东卧,8O,锦江区,锦江三圣乡,750 元/月
合租・外滩,4居室,东卧,11O,锦江区,锦江九眼桥,950 元/月
合租・蜀都花园,4居室,东北卧,16O,锦江区,锦江水碾河,1590 元/月
合租・绿地468公馆二期,5居室,东卧,11O,锦江区,锦江三圣乡,600 元/月
独栋・乐乎城市青年社区,春熙路店,小仙女2.0,西南,锦江区,,2000-2650 元/月
合租・瑞升望江橡树林二期,5居室,东卧,10O,锦江区,锦江三官堂,920 元/月
独栋・乐乎城市青年社区,春熙路店,青青草原2.0,西北,锦江区,,2350-2650 元/月
合租・绿地468公馆二期,5居室,东卧,9O,锦江区,锦江三圣乡,900 元/月
澳龙名城,1室1厅,南,53O,锦江区,锦江攀成钢,2000 元/月
天紫界,1室1厅,东北,63O,锦江区,锦江九眼桥,3200 元/月
合租・ICC凯旋门,3居室,西卧,10O,锦江区,锦江东大路,1230 元/月
大王钰城,3室1厅,东/东南,85O,锦江区,锦江红星路,3600 元/月
美丽合江,1室1厅,南,53O,锦江区,锦江合江亭,2900 元/月
合租・ICC凯旋门,4居室,东北卧,13O,锦江区,锦江东大路,1160 元/月
整租・摩根中心,3室1厅,东南,85O,锦江区,锦江九眼桥,3400 元/月
合租・外滩,3居室,东北卧,14O,锦江区,锦江九眼桥,1460 元/月
银唐国际,2室1厅,跃层,90O,锦江区,锦江合江亭,3500 元/月
合租・外滩,3居室,东北卧,8O,锦江区,锦江九眼桥,1360 元/月
缤舍,2室1厅,西南,88O,锦江区,锦江盐市口,4000 元/月
合租・世纪朝阳,4居室,东南卧,10O,锦江区,锦江九眼桥,1060 元/月
整租・城市博客VC时代,2室1厅,南,68O,锦江区,锦江红星路,2600 元/月
合租・世纪朝阳,4居室,东南卧,9O,锦江区,锦江九眼桥,1190 元/月
合租・世纪朝阳,4居室,东南卧,14O,锦江区,锦江九眼桥,1460 元/月
合租・世纪朝阳,3居室,东南卧,15O,锦江区,锦江九眼桥,1490 元/月
中粮鸿云,2室1厅,西南,66O,锦江区,锦江东大路,3700 元/月
合租・世纪朝阳,4居室,西北卧,10O,锦江区,锦江九眼桥,1030 元/月
莲花逸都,3室1厅,东南,98O,锦江区,锦江九眼桥,3600 元/月
合租・世纪朝阳,4居室,西卧,20O,锦江区,锦江九眼桥,1460 元/月
合租・世纪朝阳,3居室,南卧,12O,锦江区,锦江九眼桥,1290 元/月
合租・世纪朝阳,3居室,西南卧,12O,锦江区,锦江九眼桥,1290 元/月
天誉花园,3室2厅,东南,118O,锦江区,锦江东大路,5500 元/月
整租・比华利国际城二期,3室2厅,东/东南,98O,锦江区,锦江川师,3500 元/月
合租・世纪朝阳,3居室,东南卧,16O,锦江区,锦江九眼桥,1460 元/月
整租・吉宝凌云峰阁,2室2厅,东南,77O,锦江区,锦江攀成钢,4000 元/月
合租・世纪朝阳,3居室,东南卧,16O,锦江区,锦江九眼桥,1460 元/月
合租・世纪朝阳,3居室,东南卧,12O,锦江区,锦江九眼桥,1230 元/月
合租・朝阳名宅,3居室,东南卧,11O,锦江区,锦江九眼桥,1230 元/月
合租・上行汇锦,4居室,东南卧,11O,锦江区,锦江合江亭,1530 元/月
合租・上行汇锦,4居室,东卧,12O,锦江区,锦江合江亭,1260 元/月
合租・朝阳名宅,3居室,西南卧,15O,锦江区,锦江九眼桥,1390 元/月
合租・朝阳名宅,3居室,东南卧,10O,锦江区,锦江九眼桥,1230 元/月
狮马路70号,3室2厅,南,79O,青阳区,青羊草市街,2100 元/月
整租・馨光嘉苑,1室1厅,东南,60O,青阳区,青羊外光华,1700 元/月
合租・万科金色领域,4居室,南卧,11O,青阳区,青羊万家湾,1690 元/月
天鹅星座,3室1厅,南,162O,青阳区,青羊府南新区,3000 元/月
独栋・同创公寓,银杏地带店,今日特惠-标准标间,29O,青阳区,,2280 元/月
乐摩筑,2室1厅,东南,80O,青阳区,青羊贝森,2500 元/月
盛世草堂,3室1厅,南/北,111O,青阳区,青羊草堂,3600 元/月
融城云熙,2室1厅,东,80O,青阳区,青羊太升路,2800 元/月
整租・汇厦少城文墨阁,2室1厅,南,65O,青阳区,青羊人民公园,3200 元/月
独栋・乐乎城市青年社区,天府广场店,小森林の夏秋,东南,青阳区,,1750-2600 元/月
独栋・乐乎城市青年社区,天府广场店,让我们忘了那片海,东南,青阳区,,1875-2950 元/月
整租・万科金色领域,3室1厅,东,86O,青阳区,青羊万家湾,2800 元/月
双玺,3室1厅,西,116O,青阳区,青羊贝森,3000 元/月
实业街19号,1室1厅,东,40O,青阳区,青羊宽窄巷子,1200 元/月
整租・汇厦少城文墨阁,1室1厅,东南,55O,青阳区,青羊人民公园,2600 元/月
合租・光华欣苑,4居室,北卧,15O,青阳区,青羊外光华,1030 元/月
时代印象,1室0厅,东南,42O,青阳区,青羊草市街,1800 元/月
整租・锦红苑,1室1厅,南,61O,青阳区,青羊府南新区,1600 元/月
印象金沙,3室1厅,南,104O,青阳区,青羊金沙,2800 元/月
整租・现代城人民公园,2室1厅,东南,89O,青阳区,青羊人民公园,2500 元/月
时代印象,1室0厅,东南,40O,青阳区,青羊草市街,1700 元/月
合租・优品道三期,3居室,南卧,12O,青阳区,青羊优品道,1360 元/月
金色夏威夷,1室1厅,东南,54O,青阳区,青羊八宝街,1600 元/月
整租・锦程丽都,1室0厅,东南,30O,青阳区,青羊八宝街,1300 元/月
合租・印象金沙,4居室,西卧,12O,青阳区,青羊金沙,1190 元/月
南桥视窗,1室1厅,南,49O,青阳区,青羊人民公园,2200 元/月
长富新城,1室0厅,东/西,42O,青阳区,青羊宽窄巷子,2000 元/月
整租・汇厦少城锦官郡,1室1厅,东南,52O,青阳区,青羊人民公园,2500 元/月
整租・清江雅居,2室2厅,东南,78O,青阳区,青羊府南新区,3000 元/月
整租・汇厦少城锦官郡,1室1厅,西南,50O,青阳区,青羊人民公园,2500 元/月
祥域,2室1厅,南,91O,青阳区,青羊金沙,3000 元/月
整租・金色夏威夷,1室1厅,东南,57O,青阳区,青羊八宝街,1900 元/月
合租・成都花园上城,4居室,南卧,14O,青阳区,青羊西南财大,1560 元/月
独栋・乐乎城市青年社区,天府广场店,绿光森林,东南,青阳区,,1875-2500 元/月
独栋・乐乎城市青年社区,天府广场店,万事如意2.0A,西南,青阳区,,1875-2508 元/月
世纪金沙,1室1厅,东南,58O,青阳区,青羊金沙,1900 元/月
时代印象,1室0厅,东南,42O,青阳区,青羊草市街,1600 元/月
荣盛花语城,1室1厅,东南,44O,青阳区,青羊外光华,2200 元/月
合租・万科金色领域,4居室,西卧,7O,青阳区,青羊万家湾,890 元/月
合租・光华逸家,3居室,北卧,10O,青阳区,青羊外光华,990 元/月
天盛壹中心,1室0厅,东,40O,青阳区,青羊草市街,1700 元/月
光华杏林,1室1厅,东,50O,青阳区,青羊外光华,1800 元/月
乐摩筑,1室1厅,南,52O,青阳区,青羊贝森,1700 元/月
水木光华,1室0厅,南,45O,青阳区,青羊西南财大,1700 元/月
揽胜金沙,2室2厅,东南,69O,青阳区,青羊金沙,2800 元/月
锦桂苑,2室2厅,南,82O,青阳区,青羊府南新区,1900 元/月
浪琴湾,2室2厅,南,91O,青阳区,青羊光华泡小,2000 元/月
北大街32号,3室1厅,东南,88O,青阳区,青羊草市街,2200 元/月
光华杏林,2室1厅,南,85O,青阳区,青羊外光华,2300 元/月
独栋・同创公寓,银杏地带店,轻时尚新标准,31-32O,青阳区,,2380 元/月
金沙西园四期,2室2厅,西,89O,青阳区,青羊金沙,2800 元/月
欧韵金沙,2室2厅,南/北,80O,青阳区,青羊金沙,2600 元/月
俊发时光俊园,2室2厅,西,76O,青阳区,青羊外光华,2500 元/月
光华逸家,2室1厅,南,72O,青阳区,青羊外光华,2500 元/月
金沙鹭岛一期,2室2厅,东南,89O,青阳区,青羊金沙,2600 元/月
整租・SG珊顿道,2室2厅,南,83O,青阳区,青羊太升路,6000 元/月
光华逸家,2室1厅,南,72O,青阳区,青羊外光华,2400 元/月
世纪太升,1室1厅,东,66O,青阳区,青羊太升路,2000 元/月
莹华寺街27号,3室1厅,东,140O,青阳区,青羊草市街,2000 元/月
金地嘉年华城A区,3室1厅,东南,124O,青阳区,青羊金沙,3500 元/月
金沙西园二期,1室0厅,西南,40O,青阳区,青羊金沙,1600 元/月
东马棚街18号,3室2厅,南,70O,青阳区,青羊八宝街,1100 元/月
俊发时光俊园,3室1厅,南,90O,青阳区,青羊外光华,2400 元/月
荣盛花语城,1室1厅,南,45O,青阳区,青羊外光华,2000 元/月
合租・金阳易诚国际,3居室,北卧,13O,青阳区,青羊外光华,1090 元/月
正黄金域国际,1室1厅,东南,49O,青阳区,青羊八宝街,2100 元/月
优品道一期,5室2厅,南,224O,青阳区,青羊优品道,7500 元/月
合租・双玺,3居室,南卧,14O,青阳区,青羊贝森,1130 元/月
俊发时光俊园,3室1厅,南,85O,青阳区,青羊外光华,2500 元/月
独栋・幸福居,营门口二店,温馨阳光大床户型,30O,青阳区,,1430 元/月
琴台路157号,3室1厅,东南,85O,青阳区,青羊人民公园,2600 元/月
合租・中大君悦金沙五期,3居室,西卧,12O,青阳区,青羊金沙,1460 元/月
现代城人民公园,1室0厅,西南,45O,青阳区,青羊人民公园,1850 元/月
独栋・冠寓,成都天府广场店,特色温馨房1,1室0厅1卫,青阳区,,2349 元/月
金沙芙蓉苑,5室2厅,东南,193O,青阳区,青羊金沙,6000 元/月
独栋・冠寓,成都天府广场店,极致特惠房1,1室0厅1卫,青阳区,,1959 元/月
独栋・冠寓,成都天府广场店,极致特惠房2,35O,青阳区,,1959 元/月
独栋・冠寓,成都天府广场店,极致特惠房3,1室0厅1卫,青阳区,,1959 元/月
SG珊顿道,1室1厅,东南,60O,青阳区,青羊太升路,3500 元/月
中大君悦金沙五期,2室2厅,西南,83O,青阳区,青羊金沙,3000 元/月
合租・清水路苑,4居室,南卧,16O,青阳区,青羊外金沙,1290 元/月
锦天国际,2室1厅,南,80O,青阳区,青羊太升路,1500 元/月
合租・凯德风尚,3居室,南卧,12O,青阳区,青羊外光华,1260 元/月
合租・光华逸家,4居室,南卧,14O,青阳区,青羊外光华,1290 元/月
光华美邻,2室1厅,东南,81O,青阳区,青羊光华泡小,2300 元/月
光华杏林,2室1厅,东,84O,青阳区,青羊外光华,2000 元/月
合租・清水路苑,4居室,东南卧,16O,青阳区,青羊外金沙,1290 元/月
整租・蓝光SOFA社区,2室1厅,西北,62O,青阳区,青羊外光华,2500 元/月
朗基龙堂,1室1厅,东,51O,青阳区,青羊光华泡小,1800 元/月
整租・金阳易诚国际,2室2厅,南,74O,青阳区,青羊外光华,2200 元/月
独栋・乐乎城市青年社区,天府广场店,蔡徐坤眼里的星星,南,青阳区,,1875-2950 元/月
合租・金地嘉年华城B区,5居室,西南卧,12O,青阳区,青羊金沙,850 元/月
朗基龙堂,1室1厅,南,53O,青阳区,青羊光华泡小,1700 元/月
上河新城,1室1厅,东,50O,青阳区,青羊草市街,1900 元/月
金沙鹭岛一期,2室1厅,西北,89O,青阳区,青羊金沙,2600 元/月
独栋・幸福居,营门口二店,现代简约大床户型,30O,青阳区,,1650 元/月
合租・锦花苑(青羊),4居室,南卧,14O,青阳区,青羊府南新区,800 元/月
合租・锦花苑(青羊),4居室,南卧,18O,青阳区,青羊府南新区,800 元/月
独栋・禾尖公寓,人民公园店,文墨阁,/,青阳区,,3480 元/月
中铁西城西苑,1室1厅,南,45O,青阳区,青羊外光华,2000 元/月
独栋・禾尖公寓,人民公园店,B,75O,青阳区,,3480 元/月
合租・东原时光道,3居室,南卧,12O,青阳区,青羊万家湾,900 元/月
合租・建发金沙里,6居室,西南卧,20O,青阳区,青羊金沙,900 元/月
合租・东原时光道,4居室,西南卧,16O,青阳区,青羊万家湾,1150 元/月
合租・金地嘉年华城B区,5居室,西南卧,18O,青阳区,青羊金沙,700 元/月
合租・东原时光道,4居室,东南卧,9O,青阳区,青羊万家湾,700 元/月
整租・中大君悦金沙五期,2室2厅,东南,82O,青阳区,青羊金沙,3390 元/月
蓝光凯丽美域,3室2厅,南,89O,青阳区,青羊金沙,3200 元/月
合租・光华锦苑,4居室,南卧,15O,青阳区,青羊外光华,1100 元/月
合租・瑞通凯域,5居室,南卧,14O,青阳区,青羊贝森,1050 元/月
合租・盛世草堂,5居室,东南卧,13O,青阳区,青羊草堂,650 元/月
合租・保利金香槟,5居室,南卧,14O,青阳区,青羊外金沙,1000 元/月
清溪南街18号,2室2厅,东南,63O,青阳区,青羊府南新区,1500 元/月
独栋・乐乎城市青年社区,天府广场店,粉红色の回忆之真香,东南,青阳区,,1875-2950 元/月
合租・万科金色领域,5居室,西南卧,9O,青阳区,青羊万家湾,700 元/月
花样年华新街坊二期,2室1厅,西,67O,青阳区,青羊八宝街,2600 元/月
独栋・乐乎城市青年社区,天府广场店,抱着紫色的梦选择等待,东南,青阳区,,1750-2210 元/月
建发金沙里,1室0厅,西南,45O,青阳区,青羊金沙,1800 元/月
合租・保利香槟光华,6居室,东南卧,12O,青阳区,青羊万家湾,900 元/月
独栋・乐乎城市青年社区,天府广场店,有蔚蓝天，垂光抱琼台,东南,青阳区,,1875-2950 元/月
整租・锦城华府,1室1厅,南/北,52O,青阳区,青羊八宝街,2300 元/月
中铁瑞景颐城,3室2厅,南,89O,青阳区,青羊外光华,3000 元/月
欧韵金沙,2室2厅,东北,79O,青阳区,青羊金沙,3000 元/月
二十一世纪花园一期,3室1厅,西,123O,青阳区,青羊贝森,2600 元/月
独栋・乐乎城市青年社区,天府广场店,公主小妹,南,青阳区,,1750-2210 元/月
合租・瑞通凯域,4居室,南卧,25O,青阳区,青羊贝森,1050 元/月
整租・中大君悦金沙五期,2室1厅,南,87O,青阳区,青羊金沙,2200 元/月
合租・印象金沙,4居室,东南卧,13O,青阳区,青羊金沙,851 元/月
光华逸家,3室1厅,西南,74O,青阳区,青羊外光华,2500 元/月
俊发时光俊园,2室2厅,东,77O,青阳区,青羊外光华,2500 元/月
整租・金地嘉年华城A区,2室1厅,东南,80O,青阳区,青羊金沙,2300 元/月
独栋・乐乎城市青年社区,天府广场店,天空之城2.0A,南,青阳区,,1875-2508 元/月
独栋・乐乎城市青年社区,天府广场店,蒸蒸日上2.0A,南,青阳区,,1875-2508 元/月
锦桂苑,2室2厅,东南,82O,青阳区,青羊府南新区,2000 元/月
独栋・乐乎城市青年社区,天府广场店,气质男神2.0A,南,青阳区,,1875-2508 元/月
合租・合能西贵金沙,5居室,南卧,20O,青阳区,青羊金沙,950 元/月
整租・时代印象,2室1厅,南,63O,青阳区,青羊草市街,2000 元/月
金阳易诚国际,2室1厅,南,79O,青阳区,青羊外光华,2600 元/月
合租・锦花苑(青羊),4居室,南卧,25O,青阳区,青羊府南新区,1080 元/月
整租・光华碧邻,2室2厅,东,80O,青阳区,青羊外光华,2500 元/月
金沙西园二期,1室0厅,南,40O,青阳区,青羊金沙,2000 元/月
现代城人民公园,1室0厅,东南,47O,青阳区,青羊人民公园,1700 元/月
蓝光SOFA社区,2室2厅,西,72O,青阳区,青羊外光华,2400 元/月
紫云金沙,2室1厅,南,90O,青阳区,青羊贝森,2800 元/月
合租・融创观玺台花园,5居室,西卧,17O,青阳区,青羊外光华,1030 元/月
时代凯悦,1室0厅,东南,50O,青阳区,青羊八宝街,2000 元/月
心灵家园,2室2厅,北,79O,青阳区,青羊外光华,2600 元/月
合租・光华锦苑,1居室,西南卧,10O,青阳区,青羊外光华,650 元/月
中铁西城西苑,2室1厅,南,73O,青阳区,青羊外光华,2300 元/月
合租・融创观玺台花园,4居室,北卧,10O,青阳区,青羊外光华,930 元/月
紫云金沙,3室2厅,东南,106O,青阳区,青羊贝森,3300 元/月
整租・俊发时光俊园,1室1厅,东南,45O,青阳区,青羊外光华,1800 元/月
独栋・乐乎城市青年社区,天府广场店,粉妆玉砌3.0,北,青阳区,,1750-2210 元/月
整租・蓝光SOFA社区,2室1厅,东南,49O,青阳区,青羊外光华,2000 元/月
整租・万科金色领域,2室2厅,西南,83O,青阳区,青羊万家湾,2500 元/月
整租・万科金色领域,2室2厅,西南,86O,青阳区,青羊万家湾,2400 元/月
时代天骄,1室0厅,东,41O,青阳区,青羊草市街,1600 元/月
整租・成都花园翠雍华庭,3室1厅,错层,143O,青阳区,青羊西南财大,4000 元/月
整租・建发金沙里,1室1厅,东南,40O,青阳区,青羊金沙,1886 元/月
时代凯悦,1室0厅,东南,57O,青阳区,青羊八宝街,1700 元/月
金阳易诚国际,2室2厅,南,74O,青阳区,青羊外光华,2300 元/月
青华路24号,2室1厅,南,63O,青阳区,青羊草堂,2500 元/月
融城云熙,1室1厅,东,54O,青阳区,青羊太升路,2600 元/月
独栋・同创公寓,同创青羊区蜀汉路店,同创公寓特惠标间,20-30O,青阳区,,1250-1400 元/月
天盛壹中心,2室1厅,西北,84O,青阳区,青羊草市街,2800 元/月
独栋・同创公寓,银杏地带店,标准户型,29O,青阳区,,2220 元/月
长虹和悦府,2室2厅,南/北,62O,青阳区,青羊外光华,2100 元/月
金地嘉年华城A区,2室1厅,东南,80O,青阳区,青羊金沙,2400 元/月
财富领地,2室1厅,西,69O,青阳区,青羊草市街,2500 元/月
西府少城,2室1厅,西南,75O,青阳区,青羊人民公园,4200 元/月
合租・紫御熙庭,4居室,北卧,14O,青阳区,青羊外光华,1290 元/月
合租・紫御熙庭,4居室,西卧,9O,青阳区,青羊外光华,830 元/月
合租・紫御熙庭,4居室,北卧,9O,青阳区,青羊外光华,790 元/月
合租・光华美地,3居室,东卧,10O,青阳区,青羊外光华,990 元/月
中大君悦金沙四期,2室1厅,南,84O,青阳区,青羊金沙,2760 元/月
合租・光华美地,3居室,南卧,8O,青阳区,青羊外光华,790 元/月
印象金沙,1室1厅,西北,92O,青阳区,青羊金沙,2400 元/月
整租・王家塘街74号,2室1厅,南,61O,青阳区,青羊八宝街,1900 元/月
合租・光华美地,3居室,南卧,10O,青阳区,青羊外光华,860 元/月
香槟花园,3室1厅,东,138O,青阳区,青羊优品道,4200 元/月
整租・荣盛花语城,2室1厅,西,64O,青阳区,青羊外光华,2100 元/月
新阳光健康家园,3室1厅,北,106O,青阳区,青羊贝森,3000 元/月
锦西民宅,3室2厅,东南,127O,青阳区,青羊府南新区,2200 元/月
元益花园,3室2厅,东,85O,青阳区,青羊外光华,2200 元/月
华府金沙,2室2厅,西南,79O,青阳区,青羊金沙,2900 元/月
合租・融创观玺台花园,5居室,西卧,13O,青阳区,青羊外光华,1030 元/月
合租・融创观玺台花园,5居室,东卧,12O,青阳区,青羊外光华,990 元/月
整租・金林大城小室,1室1厅,东,58O,青阳区,青羊府南新区,2300 元/月
合租・紫御熙庭,3居室,南卧,12O,青阳区,青羊外光华,960 元/月
合租・紫御熙庭,3居室,南卧,9O,青阳区,青羊外光华,860 元/月
合租・紫御熙庭,3居室,东南卧,10O,青阳区,青羊外光华,990 元/月
合租・清水路苑,4居室,南卧,10O,青阳区,青羊外金沙,830 元/月
合租・清水路苑,4居室,南卧,15O,青阳区,青羊外金沙,1060 元/月
金沙云庭,2室1厅,东北,58O,青阳区,青羊金沙,2600 元/月
合租・紫御熙庭,4居室,南卧,12O,青阳区,青羊外光华,990 元/月
天盛壹中心,2室1厅,东南,59O,青阳区,青羊草市街,2600 元/月
整租・荣盛花语城,3室2厅,东南,92O,青阳区,青羊外光华,2800 元/月
合租・光华欣苑,4居室,东南卧,10O,青阳区,青羊外光华,860 元/月
整租・光华逸家,3室1厅,南,75O,青阳区,青羊外光华,2400 元/月
合租・光华欣苑,4居室,南卧,15O,青阳区,青羊外光华,1230 元/月
合租・光华欣苑,4居室,东卧,9O,青阳区,青羊外光华,790 元/月
证大正府,2室1厅,西南,78O,青阳区,青羊太升路,3200 元/月
成都花园上城,3室2厅,南,127O,青阳区,青羊西南财大,3800 元/月
合租・光华美地,3居室,东卧,11O,青阳区,青羊外光华,890 元/月
合租・光华美地,3居室,南卧,15O,青阳区,青羊外光华,1060 元/月
光华馨地,2室1厅,南,83O,青阳区,青羊西南财大,2400 元/月
二十一世纪花园三期,3室1厅,南,136O,青阳区,青羊贝森,2700 元/月
时代凯悦,1室0厅,东南,45O,青阳区,青羊八宝街,1600 元/月
合租・凯德风尚,3居室,南卧,9O,青阳区,青羊外光华,960 元/月
金地嘉年华城A区,2室1厅,东南,79O,青阳区,青羊金沙,1800 元/月
盘谷花园,3室2厅,东南/南,174O,武侯区,武侯棕北,6500 元/月
合租・双楠映象,4居室,东卧,20O,武侯区,武侯红牌楼,1460 元/月
合租・首航欣程,6居室,西北卧,12O,武侯区,武侯棕北,1050 元/月
和谐公寓,1室1厅,东南,69O,武侯区,武侯川音,2800 元/月
桐梓林欧城,2室1厅,南,89O,武侯区,武侯桐梓林,3700 元/月
整租・玉林东街19号,2室1厅,南,64O,武侯区,武侯玉林,2700 元/月
整租・摩卡筑,2室1厅,西南,61O,武侯区,武侯川音,2900 元/月
锦宏宝润苑,2室1厅,复式,37O,武侯区,武侯双楠,1800 元/月
成都A区,1室1厅,西南,50O,武侯区,武侯高升桥,2400 元/月
合租・翠堤春晓,4居室,北卧,14O,武侯区,武侯五大花园,1290 元/月
独栋・乐乎城市青年社区,世纪百合店,I户型,东南,武侯区,,1575-2350 元/月
桐梓林欧城,4室1厅,南,150O,武侯区,武侯桐梓林,10000 元/月
九峰国际,2室1厅,东南,56O,武侯区,武侯红牌楼,2100 元/月
合租・美丽南庭,4居室,南卧,28O,武侯区,武侯火车南站,1500 元/月
整租・教育学院教师公寓,2室1厅,西,94O,武侯区,武侯华西,3200 元/月
中央花园一期三组团,2室1厅,跃层,60O,武侯区,武侯五大花园,1600 元/月
整租・和信派都,1室1厅,东南,51O,武侯区,武侯川大,2350 元/月
红帆蓝调,1室1厅,东南,38O,武侯区,武侯武侯立交,1400 元/月
整租・天朗锦邸,1室1厅,西北,52O,武侯区,武侯武侯祠,2450 元/月
合租・畜牧科学研究院,5居室,东卧,11O,武侯区,武侯棕北,650 元/月
芳草地,1室0厅,南,40O,武侯区,武侯桐梓林,2000 元/月
合租・翠堤春晓,4居室,南卧,14O,武侯区,武侯五大花园,820 元/月
广福桥街14号,3室2厅,东南,123O,武侯区,武侯高升桥,2500 元/月
合租・双楠映象,4居室,东卧,11O,武侯区,武侯红牌楼,1030 元/月
中海龙湾半岛,4室2厅,西南,223O,武侯区,武侯龙湾,7500 元/月
整租・黉门公馆,2室1厅,南,72O,武侯区,武侯华西,3200 元/月
整租・黉门公馆,1室1厅,东南,50O,武侯区,武侯华西,2000 元/月
合租・优客联邦一期,3居室,东卧,10O,武侯区,武侯丽都,1290 元/月
合租・嘉瑞苑二期,3居室,西卧,11O,武侯区,武侯外双楠,1030 元/月
整租・金地花园,3室2厅,南,134O,武侯区,武侯双楠,3500 元/月
阳光春天,3室2厅,东,148O,武侯区,武侯火车南站,4000 元/月
合租・美丽南庭,4居室,北卧,11O,武侯区,武侯火车南站,1160 元/月
整租・邻里中央,1室1厅,西,39O,武侯区,武侯五大花园,1700 元/月
合租・首航欣程,6居室,东卧,12O,武侯区,武侯棕北,1250 元/月
合租・绿地GIC,4居室,南卧,20O,武侯区,武侯火车南站,1368 元/月
合租・绿地GIC,4居室,南卧,18O,武侯区,武侯火车南站,1212 元/月
整租・SOHO沸城,1室0厅,西南,35O,武侯区,武侯棕北,2000 元/月
合租・绿地GIC,5居室,南卧,20O,武侯区,武侯火车南站,1200 元/月
整租・新巢小区一期,2室1厅,东,56O,武侯区,武侯广福桥,2000 元/月
优客联邦一期,1室1厅,南,60O,武侯区,武侯丽都,2500 元/月
整租・华尔兹广场(武侯),1室1厅,东南,61O,武侯区,武侯航空路,2400 元/月
整租・杰座,1室1厅,东南,59O,武侯区,武侯丽都,2200 元/月
整租・中海格林威治城,3室1厅,东南,112O,武侯区,武侯川大,5000 元/月
整租・摩卡筑,2室1厅,东南,60O,武侯区,武侯川音,2800 元/月
整租・时代空间,2室1厅,南,79O,武侯区,武侯双楠,2400 元/月
鹭岛国际三期,2室1厅,东,95O,武侯区,武侯外双楠,3500 元/月
整租・华尔兹广场(武侯),1室1厅,北,70O,武侯区,武侯航空路,3200 元/月
合租・九峰国际,3居室,东南卧,12O,武侯区,武侯红牌楼,1290 元/月
整租・正基城市主场,2室1厅,东北,57O,武侯区,武侯五大花园,2450 元/月
独栋・乐乎城市青年社区,世纪百合店,眼睛里的郁金香,26-40O,武侯区,,1575-2150 元/月
左邻右舍,1室1厅,东南,50O,武侯区,武侯高升桥,2000 元/月
整租・九峰国际,1室1厅,东南,42O,武侯区,武侯红牌楼,2350 元/月
罗浮世家二期,4室1厅,东南,150O,武侯区,武侯高升桥,5200 元/月
整租・四季花城,2室1厅,南,84O,武侯区,武侯广福桥,3100 元/月
独栋・乐乎城市青年社区,世纪百合店,浪漫满屋2.0B,西,武侯区,,1575-2100 元/月
华尔兹广场(武侯),1室0厅,南,42O,武侯区,武侯航空路,2300 元/月
华宇蓉国府,3室1厅,北,114O,武侯区,武侯玉林,5200 元/月
独栋・乐乎城市青年社区,世纪百合店,百合,南,武侯区,,1425-1725 元/月
橙堡,2室1厅,西南,67O,武侯区,武侯红牌楼,2500 元/月
合租・优客联邦一期,3居室,南卧,11O,武侯区,武侯丽都,1430 元/月
鹭岛国际三期,2室1厅,东南,95O,武侯区,武侯外双楠,4000 元/月
整租・天府南苑,2室1厅,南,62O,武侯区,武侯玉林,1800 元/月
中华名园三期D区,2室2厅,西南,89O,武侯区,武侯武侯立交,2600 元/月
红城,3室1厅,东南,80O,武侯区,武侯丽都,3200 元/月
鹭岛国际三期,3室1厅,南,132O,武侯区,武侯外双楠,6000 元/月
整租・伊顿社区,2室1厅,西北,65O,武侯区,武侯川音,3000 元/月
园中园南苑,2室1厅,错层,79O,武侯区,武侯五大花园,1800 元/月
合租・锦江新园,8居室,东卧,20O,武侯区,武侯川音,1800 元/月
锦江新园,1室1厅,西南,250O,武侯区,武侯川音,9600 元/月
独栋・乐乎城市青年社区,世纪百合店,B户型,南,武侯区,,1575-2350 元/月
玉林品上,2室1厅,南,79O,武侯区,武侯玉林,3200 元/月
锦官新城西区,3室1厅,北,135O,武侯区,武侯航空路,4500 元/月
整租・绿地GIC,2室2厅,南,82O,武侯区,武侯火车南站,5800 元/月
整租・绿地GIC,3室2厅,南,117O,武侯区,武侯火车南站,6900 元/月
美丽星,2室1厅,南,74O,武侯区,武侯外双楠,2600 元/月
中粮香颂丽都,3室1厅,东北,77O,武侯区,武侯丽都,3600 元/月
合租・美丽南庭,4居室,南卧,25O,武侯区,武侯火车南站,1200 元/月
整租・双发金英汇,2室2厅,南,76O,武侯区,武侯航空路,3800 元/月
合租・美丽南庭,4居室,南卧,22O,武侯区,武侯火车南站,1200 元/月
花样年华四期,1室0厅,西南,43O,武侯区,武侯红牌楼,1600 元/月
整租・绿地GIC,2室2厅,东南,82O,武侯区,武侯火车南站,5800 元/月
独栋・幸福居,武侯新城店,北欧精装大套一,55O,武侯区,,1880 元/月
合租・绿地GIC,5居室,南卧,19O,武侯区,武侯火车南站,1200 元/月
整租・新巢小区一期,1室1厅,东南,42O,武侯区,武侯广福桥,1800 元/月
爱家馨城,2室1厅,东南,61O,武侯区,武侯红牌楼,2150 元/月
双楠名城二期,3室2厅,东南,135O,武侯区,武侯红牌楼,3800 元/月
独栋・华润置地・有巢公寓,大悦路店,开业九折/数量有限,50O,武侯区,,2520 元/月
独栋・华润置地・有巢公寓,大悦路店,开业九折/好房等你,50O,武侯区,,2520 元/月
四季花城,3室2厅,南/北,137O,武侯区,武侯广福桥,4000 元/月
花间兰庭,2室1厅,东南,84O,武侯区,武侯外双楠,3000 元/月
泰基南棠,1室1厅,东南,54O,武侯区,武侯红牌楼,2300 元/月
整租・巷上生活馆,1室1厅,东南,54O,武侯区,武侯广福桥,1850 元/月
成都A区,2室1厅,东南,81O,武侯区,武侯高升桥,4200 元/月
独栋・幸福居,武侯新城,整租套一,55O,武侯区,,1690 元/月
武侯祠大街254号,2室1厅,东南,71O,武侯区,武侯华西,2500 元/月
独栋・幸福居,武侯新城,小鱼,24O,武侯区,,1460 元/月
独栋・幸福居,武侯新城,交通方便,25O,武侯区,,1420 元/月
锦绣花园西区,2室1厅,西南,85O,武侯区,武侯桐梓林,3800 元/月
鹭岛国际三期,2室1厅,西南,96O,武侯区,武侯外双楠,4300 元/月
合租・新界三期,4居室,南卧,9O,武侯区,武侯红牌楼,990 元/月
鹭岛国际四期,1室1厅,南,56O,武侯区,武侯外双楠,3500 元/月
鹭岛国际三期,3室1厅,东南,139O,武侯区,武侯外双楠,6500 元/月
合租・新加坡花园,4居室,东卧,13O,武侯区,武侯桐梓林,1690 元/月
合租・双楠映象,4居室,东卧,18O,武侯区,武侯红牌楼,1290 元/月
摩卡筑,2室1厅,东南,64O,武侯区,武侯川音,3000 元/月
合租・首航欣程,4居室,东卧,13O,武侯区,武侯棕北,1200 元/月
成都A区,1室1厅,东北,52O,武侯区,武侯高升桥,1600 元/月
合租・上锦雅筑,4居室,东卧,15O,武侯区,武侯桐梓林,1530 元/月
鹭岛国际一二期,3室2厅,南,147O,武侯区,武侯外双楠,5500 元/月
整租・香月楠岸,2室1厅,南,88O,武侯区,武侯双楠,3200 元/月
红帆蓝调,1室1厅,东南,38O,武侯区,武侯武侯立交,1400 元/月
合租・首航欣程,5居室,东卧,14O,武侯区,武侯棕北,1200 元/月
合租・名士公馆,4居室,南卧,11O,武侯区,武侯航空路,1330 元/月
罗浮世家一期,5室3厅,东,280O,武侯区,武侯高升桥,7000 元/月
合租・风华苑,3居室,北卧,23O,武侯区,武侯桐梓林,1390 元/月
鹭岛国际四期,2室1厅,南,87O,武侯区,武侯外双楠,4200 元/月
首座,2室1厅,南/北,128O,武侯区,武侯桐梓林,6500 元/月
优客联邦三期,1室1厅,东北,53O,武侯区,武侯丽都,2200 元/月
三度空间,2室1厅,东,45O,武侯区,武侯火车南站,2600 元/月
吉馨苑,3室1厅,东南,74O,武侯区,武侯五大花园,2000 元/月
独栋・幸福居,武侯新城,整租舒适大开间可做饭,50O,武侯区,,1890 元/月
鹭岛国际四期,2室2厅,西,87O,武侯区,武侯外双楠,4500 元/月
合租・棕竹街5号,3居室,东南卧,7O,武侯区,武侯棕北,601 元/月
整租・永祥苑,2室1厅,西南,85O,武侯区,武侯簇桥,2500 元/月
金茂礼都,1室1厅,东南,50O,武侯区,武侯华西,1600 元/月
园中园东苑,3室1厅,东/东南,113O,武侯区,武侯五大花园,2600 元/月
整租・中国水电泛悦国际,3室2厅,东南,73O,武侯区,武侯火车南站,5200 元/月
天际首府,3室2厅,西南,128O,武侯区,武侯草金立交,3800 元/月
锦宏宝润苑,2室1厅,东南,37O,武侯区,武侯双楠,1800 元/月
华宇静苑一期,4室3厅,东南,171O,武侯区,武侯新双楠,5000 元/月
整租・红帆蓝调,1室0厅,西南,35O,武侯区,武侯武侯立交,1400 元/月
华宇蓉国府,2室1厅,东,55O,武侯区,武侯玉林,3500 元/月
和信派都,1室1厅,东南,60O,武侯区,武侯川大,2400 元/月
摩卡筑,2室1厅,东南,83O,武侯区,武侯川音,3800 元/月
整租・绿地GIC,3室2厅,东南,108O,武侯区,武侯火车南站,6200 元/月
罗浮世家二期,3室1厅,西南,150O,武侯区,武侯高升桥,4300 元/月
独栋・乐乎城市青年社区,红牌楼店,现代2.0B,东南,武侯区,,1980-2925 元/月
独栋・乐乎城市青年社区,世纪百合店,精选套一,26-42O,武侯区,,1575-2350 元/月
上锦雅筑,2室1厅,南,86O,武侯区,武侯桐梓林,2600 元/月
鹭岛国际一二期,1室0厅,东南,48O,武侯区,武侯外双楠,2300 元/月
独栋・乐乎城市青年社区,世纪百合店,紫玉成烟,26-40O,武侯区,,1575-2100 元/月
独栋・乐乎城市青年社区,世纪百合店,本月特价房,18-40O,武侯区,,1425-2350 元/月
独栋・乐乎城市青年社区,世纪百合店,我在你看的到的天空,东南,武侯区,,1575-2750 元/月
整租・加怡名城,1室1厅,西,50O,武侯区,武侯龙湾,2000 元/月
独栋・乐乎城市青年社区,红牌楼店,紫玉成烟3.0A,西,武侯区,,2000 元/月
桐梓林欧城,1室1厅,西,57O,武侯区,武侯桐梓林,3500 元/月
独栋・乐乎城市青年社区,红牌楼店,紫玉成烟3.0B,29-39O,武侯区,,2000 元/月
独栋・乐乎城市青年社区,红牌楼店,绿野仙踪3.0A,东南,武侯区,,2063-2380 元/月
整租・金茂礼都,2室1厅,东南,80O,武侯区,武侯华西,2500 元/月
独栋・乐乎城市青年社区,红牌楼店,天空之城3.0A,西,武侯区,,1688-2337 元/月
九峰国际,1室1厅,南/北,50O,武侯区,武侯红牌楼,2100 元/月
罗浮世家二期,2室1厅,西南,90O,武侯区,武侯高升桥,3200 元/月
合租・国嘉美领居,5居室,东南卧,10O,武侯区,武侯玉林,740 元/月
广福桥街14号,2室2厅,西南,98O,武侯区,武侯高升桥,2400 元/月
合租・时代丽都美语,6居室,东南卧,17O,武侯区,武侯丽都,1100 元/月
独栋・乐乎城市青年社区,世纪百合店,吉利服2.0B,23-40O,武侯区,,1575-2100 元/月
鹭岛国际四期,1室0厅,东南,51O,武侯区,武侯外双楠,2800 元/月
独栋・乐乎城市青年社区,世纪百合店,惊喜特价房,西,武侯区,,1425-2350 元/月
中央花园一期,1室1厅,东南,42O,武侯区,武侯五大花园,1100 元/月
交大花园南苑,3室1厅,南,90O,武侯区,武侯五大花园,2300 元/月
中央花园精一区,4室2厅,东南/南,165O,武侯区,武侯五大花园,3500 元/月
整租・海珀香庭,1室1厅,南,50O,武侯区,武侯红牌楼,2500 元/月
世豪嘉柏,2室1厅,东南,71O,武侯区,武侯草金立交,2400 元/月
锦江花园城,3室2厅,南,118O,武侯区,武侯川音,3500 元/月
独栋・乐乎城市青年社区,红牌楼店,异国风情2.0,南,武侯区,,2063-2363 元/月
中华园锦苑,3室1厅,南,143O,武侯区,武侯桐梓林,6000 元/月
合租・上锦雅筑,5居室,南卧,23O,武侯区,武侯桐梓林,940 元/月
整租・蓝光诺丁山,3室1厅,南,127O,武侯区,武侯草金立交,2800 元/月
吉馨苑,2室1厅,东南,75O,武侯区,武侯五大花园,2200 元/月
整租・首航欣程,2室2厅,南,70O,武侯区,武侯棕北,5000 元/月
合租・新加坡花园,4居室,东卧,7O,武侯区,武侯桐梓林,1090 元/月
芳草地,1室1厅,东南,42O,武侯区,武侯桐梓林,1800 元/月
合租・棕北公寓,6居室,东南卧,13O,武侯区,武侯棕北,1020 元/月
芳草地,1室1厅,南,40O,武侯区,武侯桐梓林,2000 元/月
合租・优地B区,4居室,南卧,17O,武侯区,武侯丽都,1460 元/月
玉林品上,1室1厅,北,64O,武侯区,武侯玉林,2600 元/月
整租・中海常春藤花园,2室1厅,西,85O,武侯区,武侯龙湾,3000 元/月
合租・中环晓院,4居室,东南卧,10O,武侯区,武侯红牌楼,1060 元/月
武侯祠大街4号,2室1厅,东南,74O,武侯区,武侯华西,2200 元/月
整租・成都A区,2室1厅,东南,92O,武侯区,武侯高升桥,4000 元/月
丽景华庭二期,1室0厅,东,44O,武侯区,武侯外双楠,1600 元/月
首航欣程,2室1厅,南,80O,武侯区,武侯棕北,3900 元/月
优客联邦三期,2室1厅,东南,90O,武侯区,武侯丽都,3100 元/月
合租・金林俊景,4居室,南卧,8O,武侯区,武侯五大花园,960 元/月
整租・和信派都,1室1厅,南,61O,武侯区,武侯川大,2600 元/月
鹭岛国际四期,2室1厅,西,89O,武侯区,武侯外双楠,3800 元/月
合租・金林俊景,4居室,东卧,12O,武侯区,武侯五大花园,1090 元/月
合租・金林俊景,4居室,东卧,8O,武侯区,武侯五大花园,890 元/月
合租・金林俊景,4居室,南卧,18O,武侯区,武侯五大花园,1230 元/月
合租・九峰国际,3居室,南卧,13O,武侯区,武侯红牌楼,1230 元/月
合租・九峰国际,3居室,东卧,9O,武侯区,武侯红牌楼,1130 元/月
合租・九峰国际,3居室,东卧,15O,武侯区,武侯红牌楼,1360 元/月
成都A区,1室1厅,西南,49O,武侯区,武侯高升桥,2200 元/月
合租・天邑华庭,3居室,北卧,11O,武侯区,武侯丽都,990 元/月
合租・双楠花园,4居室,东卧,15O,武侯区,武侯双楠,1490 元/月
合租・双楠花园,4居室,东卧,13O,武侯区,武侯双楠,1190 元/月
世豪嘉柏,2室2厅,南,77O,武侯区,武侯草金立交,3000 元/月
合租・双楠华苑,3居室,西卧,11O,武侯区,武侯双楠,1090 元/月
合租・双楠华苑,3居室,东卧,16O,武侯区,武侯双楠,1230 元/月
华宇蓉国府,1室1厅,东,48O,武侯区,武侯玉林,3200 元/月
合租・水漪袅铜,5居室,跃层,13O,武侯区,武侯航空路,1390 元/月
整租・鹭岛国际三期,1室2厅,南,99O,武侯区,武侯外双楠,5000 元/月
合租・水漪袅铜,5居室,跃层,14O,武侯区,武侯航空路,1430 元/月
合租・水漪袅铜,5居室,跃层,13O,武侯区,武侯航空路,1430 元/月
武侯国际花园,1室1厅,东南/西南,72O,武侯区,武侯红牌楼,2200 元/月
合租・水漪袅铜,5居室,跃层,16O,武侯区,武侯航空路,1530 元/月
整租・棕竹街3号,2室1厅,南,67O,武侯区,武侯棕北,2100 元/月
鹭岛国际四期,2室1厅,西南/西北,89O,武侯区,武侯外双楠,3600 元/月
合租・保利花园二期,4居室,北卧,20O,武侯区,武侯新双楠,1490 元/月
都市金岸,1室0厅,东南,39O,武侯区,武侯玉林,1900 元/月
整租・南城都汇汇彩园,2室2厅,东南,103O,高新区,高新市一医院,3800 元/月
整租・城市春天,2室2厅,南,98O,高新区,高新城南宜家,5200 元/月
合租・锦江帆影,6居室,东南卧,16O,高新区,高新中和,1300 元/月
独栋・禾尖公寓,人居盛和林语店,田园风,114O,高新区,,5500 元/月
银泰中心,3室2厅,南,287O,高新区,高新金融城,33000 元/月
合租・时代晶科名苑,4居室,西卧,12O,高新区,高新市一医院,1890 元/月
合租・朗基御今缘,4居室,西南卧,12O,高新区,高新大源,750 元/月
整租・南城都汇汇彩园,2室2厅,东南,103O,高新区,高新市一医院,3800 元/月
合租・天和国际,4居室,南卧,17O,高新区,高新东苑,1690 元/月
整租・凯德世纪名邸,3室2厅,东/东南/南,93O,高新区,高新大源,3650 元/月
整租・南城都汇汇彩园,3室2厅,东,112O,高新区,高新市一医院,4800 元/月
合租・金地天府城,4居室,南卧,14O,高新区,高新广都,1330 元/月
整租・中洲锦城湖岸,3室1厅,东南,95O,高新区,高新大源,4800 元/月
合租・中德英伦联邦C区,4居室,南卧,12O,高新区,高新中德,1690 元/月
合租・南城都汇汇彩园,4居室,北卧,13O,高新区,高新市一医院,1660 元/月
合租・英郡三期,4居室,东卧,13O,高新区,高新新会展,1690 元/月
合租・南城都汇汇彩园,4居室,北卧,13O,高新区,高新市一医院,1660 元/月
整租・名著司南,2室1厅,东,72O,高新区,高新广都,2630 元/月
合租・怡丰新城,4居室,北卧,14O,高新区,高新中德,1460 元/月
时代晶科名苑,7室2厅,南,178O,高新区,高新市一医院,6000 元/月
时代晶科名苑,7室2厅,东南,178O,高新区,高新市一医院,6000 元/月
整租・王府花园,1室1厅,东南,67O,高新区,高新芳草,2400 元/月
整租・招商大魔方,2室1厅,东南,94O,高新区,高新金融城,6500 元/月
合租・神仙树馨苑,4居室,东南卧,13O,高新区,高新新北,1060 元/月
天鹅湖北苑,3室1厅,西,162O,高新区,高新新会展,5200 元/月
合租・中德英伦联邦B区,4居室,东南卧,20O,高新区,高新中德,1200 元/月
合租・中德英伦联邦B区,5居室,东南卧,15O,高新区,高新中德,1200 元/月
独栋・猫咪公社,佳年华时代晶座店,14楼简约风,51-58O,高新区,,1600-1700 元/月
合租・嘉年华青年城,4居室,跃层,18O,高新区,高新远大,1500 元/月
合租・时代晶科名苑,3居室,西卧,8O,高新区,高新市一医院,1390 元/月
整租・城市春天,3室1厅,东,125O,高新区,高新城南宜家,4800 元/月
合租・嘉年华青年城,4居室,跃层,18O,高新区,高新远大,1500 元/月
合租・南城都汇汇雅园二期,4居室,北卧,11O,高新区,高新市一医院,1230 元/月
合租・香月湖,6居室,东南卧,14O,高新区,高新新会展,1200 元/月
奥克斯广场,3室1厅,南,123O,高新区,高新金融城,5900 元/月
独栋・好怡佳公寓,大源店,真照片、房东直租,65O,高新区,,1800 元/月
合租・时代晶科名苑,4居室,南卧,10O,高新区,高新市一医院,1360 元/月
合租・中德英伦世邦L区,4居室,东南卧,15O,高新区,高新广都,1200 元/月
合租・中德英伦联邦C区,5居室,东北卧,9O,高新区,高新中德,1030 元/月
整租・南城都汇汇尚园,3室2厅,南/北,136O,高新区,高新市一医院,5500 元/月
合租・东苑A区,4居室,北卧,12O,高新区,高新东苑,1290 元/月
合租・新绿季节,4居室,东卧,9O,高新区,高新紫荆,1090 元/月
整租・中洲锦城湖岸,2室1厅,西南,75O,高新区,高新大源,4200 元/月
新里维多利亚公寓,2室1厅,东南,92O,高新区,高新神仙树,3100 元/月
合租・雅颂居二期,6居室,东南卧,15O,高新区,高新大源,1150 元/月
合租・东苑A区,5居室,南卧,17O,高新区,高新东苑,1330 元/月
合租・人居盛和林语南区,4居室,东卧,13O,高新区,高新城南宜家,1350 元/月
整租・英郡三期,2室1厅,东南,80O,高新区,高新新会展,3400 元/月
合租・成达佳园,4居室,东卧,14O,高新区,高新新会展,1190 元/月
合租・成达佳园,4居室,东卧,13O,高新区,高新新会展,1190 元/月
合租・英郡一期,4居室,南卧,11O,高新区,高新新会展,1290 元/月
合租・东苑F区,3居室,东南卧,16O,高新区,高新东苑,1360 元/月
合租・东苑D区,4居室,东南卧,22O,高新区,高新东苑,1300 元/月
中海城南华府,2室2厅,西,89O,高新区,高新金融城,5500 元/月
合租・美年广场美岸,5居室,南卧,18O,高新区,高新新会展,1100 元/月
合租・金地天府城,4居室,西卧,14O,高新区,高新广都,1030 元/月
合租・美年广场美岸,5居室,南卧,18O,高新区,高新新会展,1200 元/月
合租・金地天府城,4居室,西卧,13O,高新区,高新广都,990 元/月
合租・金地天府城,4居室,西卧,14O,高新区,高新广都,960 元/月
合租・美年广场美岸,5居室,南卧,16O,高新区,高新新会展,1200 元/月
整租・中德英伦联邦B区,3室1厅,东,102O,高新区,高新中德,2800 元/月
合租・金地天府城,4居室,北卧,14O,高新区,高新广都,960 元/月
东方希望天祥广场,2室1厅,南,59O,高新区,高新新会展,3400 元/月
合租・金地天府城,4居室,北卧,14O,高新区,高新广都,930 元/月
合租・美年广场美岸,4居室,南卧,22O,高新区,高新新会展,1200 元/月
合租・金地天府城,4居室,西卧,11O,高新区,高新广都,790 元/月
蓓蕾西巷5号,2室1厅,东,63O,高新区,高新芳草,1800 元/月
合租・金地天府城,4居室,西卧,11O,高新区,高新广都,790 元/月
超洋花园,2室1厅,南/北,71O,高新区,高新衣冠庙,2900 元/月
合租・天府长城柏南郡,5居室,东南卧,16O,高新区,高新天府长城,1400 元/月
锦尚天华,3室1厅,东/西,89O,高新区,高新东苑,3000 元/月
独栋・冠寓,成都南三环店,A1温馨独居小屋,28O,高新区,,1959 元/月
合租・龙湖九里晴川,3居室,东卧,11O,高新区,高新广都,960 元/月
独栋・冠寓,成都南三环店,B1温馨独居小屋,1室0厅1卫,高新区,,3979 元/月
整租・嘉年华青年城,1室1厅,跃层,32O,高新区,高新远大,2100 元/月
合租・城南名著,4居室,西卧,11O,高新区,高新广都,860 元/月
独栋・冠寓,成都南三环店,B2时尚观景阳台房,1室0厅1卫,高新区,,4149 元/月
合租・美年广场美岸,4居室,东南卧,15O,高新区,高新新会展,1200 元/月
整租・嘉年华青年城,1室1厅,跃层,32O,高新区,高新远大,2000 元/月
独栋・冠寓,成都南三环店,B5豪华装修视野房,1室0厅1卫,高新区,,4719 元/月
整租・远大都市风景五期,2室2厅,东南,56O,高新区,高新远大,2000 元/月
合租・锐力领峰,3居室,南卧,7O,高新区,高新中德,1090 元/月
合租・朗基御今缘,4居室,东北卧,20O,高新区,高新大源,950 元/月
合租・嘉年华青年城,2居室,跃层,33O,高新区,高新远大,1800 元/月
独栋・冠寓,成都南三环店,B6豪华装修视野房,110O,高新区,,5219 元/月
整租・嘉年华青年城,1室1厅,跃层,32O,高新区,高新远大,2100 元/月
独栋・冠寓,成都南三环店,A9豪华装修一居室,110O,高新区,,3439 元/月
合租・龙湖九里晴川,5居室,西南卧,10O,高新区,高新广都,780 元/月
合租・嘉年华青年城,2居室,跃层,16O,高新区,高新远大,1390 元/月
独栋・YOU+优家青年创业社区,成都天府社区店,邻居比你更有料,北,高新区,,3168-3600 元/月
合租・龙湖九里晴川,5居室,东北卧,10O,高新区,高新广都,880 元/月
整租・誉峰三期,2室1厅,东南,82O,高新区,高新金融城,5500 元/月
合租・时代晶科名苑,4居室,南卧,20O,高新区,高新市一医院,1630 元/月
独栋・YOU+优家青年创业社区,成都天府社区店,在吃喝玩乐全GET,北,高新区,,3168-3240 元/月
英郡三期,3室1厅,东南,89O,高新区,高新新会展,4500 元/月
整租・仁和春天国际花园,3室2厅,西南,128O,高新区,高新金融城,9300 元/月
独栋・YOU+优家青年创业社区,成都天府社区店,闪电维修，无需烦恼,北,高新区,,3240-4500 元/月
整租・枫丹国际,2室1厅,西南,93O,高新区,高新金融城,5200 元/月
中海城南一号二期,3室2厅,南,195O,高新区,高新金融城,15000 元/月
整租・时代晶科名苑,3室2厅,东南,154O,高新区,高新市一医院,7800 元/月
独栋・YOU+优家青年创业社区,成都天府社区店,独居女性首选,北,高新区,,3168-4100 元/月
芳草街4号,3室2厅,西南,94O,高新区,高新芳草,2600 元/月
整租・复地雍湖湾,1室1厅,东南,50O,高新区,高新大源,2400 元/月
整租・金地天府城,2室1厅,南,68O,高新区,高新广都,2530 元/月
融城理想,3室2厅,南,240O,高新区,高新市一医院,6000 元/月
整租・金地天府城,2室1厅,南,68O,高新区,高新广都,2530 元/月
整租・中洲锦城湖岸,2室2厅,西,76O,高新区,高新大源,4800 元/月
整租・中洲锦城湖岸,4室2厅,南/北,124O,高新区,高新大源,7200 元/月
新南中心,2室1厅,南,73O,高新区,高新城南宜家,3500 元/月
合租・人居盛和林语南区,6居室,东卧,13O,高新区,高新城南宜家,1578 元/月
整租・IMC国际广场,2室2厅,西,74O,高新区,高新新会展,4800 元/月
金控时代广场,3室1厅,西,108O,高新区,高新新会展,4500 元/月
合租・南城都汇汇彩园,4居室,东卧,13O,高新区,高新市一医院,1100 元/月
合租・南城都汇汇彩园,4居室,东南卧,13O,高新区,高新市一医院,1260 元/月
整租・名著司南,2室1厅,东南,71O,高新区,高新广都,2530 元/月
独栋・橙堡公寓,高新希顿店,温馨简洁套一,/,高新区,,2180 元/月
整租・南城都汇汇尚园,3室2厅,南/北,138O,高新区,高新市一医院,7500 元/月
合租・黄金时代(中和街道办吉龙二街),4居室,东南卧,16O,高新区,高新远大,950 元/月
独栋・橙堡公寓,高新希顿店,欢欢喜喜主题房,/,高新区,,2280 元/月
南城都汇汇尚园,2室2厅,南,88O,高新区,高新市一医院,3800 元/月
合租・金地天府城,7居室,东南卧,16O,高新区,高新广都,1100 元/月
独栋・橙堡公寓,高新希顿店,带阳台阳光主题房,/,高新区,,2180 元/月
整租・建发鹭洲国际,3室2厅,东,111O,高新区,高新大源,6200 元/月
整租・远大都市风景五期,2室1厅,东南,56O,高新区,高新远大,1900 元/月
整租・南城都汇汇尚园,2室2厅,南,88O,高新区,高新市一医院,4800 元/月
合租・美年广场美岸,4居室,南卧,15O,高新区,高新新会展,1000 元/月
合租・东苑B区,4居室,东南卧,13O,高新区,高新东苑,950 元/月
合租・军安卫士花园,5居室,东南卧,14O,高新区,高新中和,700 元/月
整租・桐梓林壹号,2室2厅,南,89O,高新区,高新城南宜家,5800 元/月
整租・南新逸苑,2室1厅,东南,72O,高新区,高新广都,2300 元/月
整租・北辰朗诗南门绿郡,3室2厅,东南,116O,高新区,高新大源,3600 元/月
合租・中德英伦联邦B区,6居室,东卧,8O,高新区,高新中德,800 元/月
独栋・朗诗寓,金融城店,A户型,东南,高新区,,2538-3288 元/月
整租・北辰朗诗南门绿郡,3室2厅,东南,117O,高新区,高新大源,3600 元/月
独栋・朗诗寓,金融城店,C户型,/,高新区,,2788-3388 元/月
芳草东街54号,2室1厅,东南,92O,高新区,高新芳草,1400 元/月
整租・北辰朗诗南门绿郡,3室2厅,东南,96O,高新区,高新大源,3200 元/月
合租・香月湖,6居室,东南卧,12O,高新区,高新新会展,800 元/月
独栋・朗诗寓,金融城店,D户型,/,高新区,,2788-3388 元/月
整租・峰汇中心,1室1厅,东南,42O,高新区,高新新会展,2300 元/月
整租・嘉年华青年城,1室1厅,跃层,51O,高新区,高新远大,2199 元/月
整租・嘉祥瑞庭南城,3室2厅,东南,118O,高新区,高新华阳,4299 元/月
合租・英郡三期,3居室,西卧,13O,高新区,高新新会展,1390 元/月
南城都汇汇尚园,2室1厅,东,88O,高新区,高新市一医院,3800 元/月
合租・英郡一期,4居室,西卧,15O,高新区,高新新会展,1690 元/月
整租・中德英伦世邦L区,4室2厅,东南,148O,高新区,高新广都,4199 元/月
合租・南城都汇汇彩园,4居室,北卧,8O,高新区,高新市一医院,1190 元/月
合租・中德英伦联邦C区,5居室,东卧,9O,高新区,高新中德,890 元/月
整租・汇锦城,1室1厅,东,55O,高新区,高新大源,2300 元/月
合租・中德英伦世邦L区,4居室,东南卧,12O,高新区,高新广都,1050 元/月
合租・融城理想,4居室,北卧,8O,高新区,高新市一医院,1260 元/月
中海名城一期,3室2厅,南,123O,高新区,高新神仙树,5500 元/月
合租・东苑F区,3居室,东南卧,12O,高新区,高新东苑,1230 元/月
整租・汇锦城,1室1厅,南,55O,高新区,高新大源,2000 元/月
合租・中德英伦世邦L区,4居室,东南卧,12O,高新区,高新广都,1050 元/月
独栋・积木公寓,环球店,舒适双床房,/,高新区,,3880-5480 元/月
合租・大城际,3居室,东卧,14O,高新区,高新广都,1060 元/月
整租・汇锦城,1室1厅,东,55O,高新区,高新大源,2100 元/月
合租・东苑F区,5居室,东卧,13O,高新区,高新东苑,1000 元/月
整租・汇锦城,1室1厅,东,55O,高新区,高新大源,2300 元/月
整租・嘉年华青年城,3室1厅,跃层,65O,高新区,高新远大,2699 元/月
独栋・积木公寓,火车南站店,精品套一（风起）,/,高新区,,5800-7800 元/月
整租・时代晶座(高新),1室0厅,东北,55O,高新区,高新大源,2000 元/月
合租・中德英伦联邦B区,8居室,跃层,13O,高新区,高新中德,700 元/月
合租・东苑D区,4居室,南卧,9O,高新区,高新东苑,990 元/月
独栋・积木公寓,火车南站店,标间（双床房）,45O,高新区,,3680-5280 元/月
长城半岛城邦三期,4室2厅,东南,147O,高新区,高新天府长城,6500 元/月
整租・时代晶座(高新),1室1厅,西南,55O,高新区,高新大源,2000 元/月
整租・嘉年华青年城,1室1厅,跃层,46O,高新区,高新远大,2099 元/月
凯丽滨江花园,4室1厅,南,162O,高新区,高新天府长城,6000 元/月
整租・嘉年华青年城,1室1厅,跃层,50O,高新区,高新远大,2199 元/月
合租・金地天府城,4居室,北卧,14O,高新区,高新广都,930 元/月
整租・嘉年华青年城,1室1厅,LOFT,60O,高新区,高新远大,2000 元/月
合租・名著司南,6居室,东卧,12O,高新区,高新广都,950 元/月
合租・新里维多利亚公寓,4居室,东卧,12O,高新区,高新神仙树,1190 元/月
成都棕榈泉国际中心,3室2厅,东南,112O,高新区,高新新会展,12000 元/月
恩威玲珑南域,2室1厅,东南,89O,高新区,高新新北,2800 元/月
合租・英郡二期,5居室,西卧,11O,高新区,高新新会展,1230 元/月
合租・南城都汇汇翠园一期,3居室,北卧,12O,高新区,高新市一医院,1760 元/月
长城半岛城邦三期,4室2厅,东南,147O,高新区,高新天府长城,8000 元/月
整租・中洲锦城湖岸,3室1厅,东南,95O,高新区,高新大源,4600 元/月
合租・南城都汇汇翠园一期,3居室,北卧,15O,高新区,高新市一医院,1730 元/月
独栋・白丁寓,软件园店,1490套一业主自装,30O,高新区,,1390 元/月
合租・英郡三期,4居室,西卧,9O,高新区,高新新会展,1390 元/月
天鹅湖花园,3室2厅,东南,207O,高新区,高新新会展,5000 元/月
合租・美年广场美岸,5居室,南卧,18O,高新区,高新新会展,1200 元/月
整租・中洲锦城湖岸,3室2厅,东南,95O,高新区,高新大源,4600 元/月
独栋・白丁寓,软件园店,时尚loft下层套一,36O,高新区,,1490 元/月
合租・美年广场美岸,4居室,南卧,16O,高新区,高新新会展,1200 元/月
合租・怡丰新城,4居室,南卧,17O,高新区,高新中德,1430 元/月
独栋・白丁寓,软件园店,时尚loft上层套一,36O,高新区,,1490 元/月
合租・天府长城柏南郡,4居室,南卧,20O,高新区,高新天府长城,1760 元/月
合租・美年广场美岸,5居室,南卧,18O,高新区,高新新会展,1200 元/月
合租・中德英伦联邦B区,5居室,东南卧,10O,高新区,高新中德,600 元/月
合租・美年广场美岸,4居室,南卧,25O,高新区,高新新会展,1300 元/月
合租・人居盛和林语南区,4居室,东卧,12O,高新区,高新城南宜家,1030 元/月
合租・人居盛和林语南区,4居室,东卧,8O,高新区,高新城南宜家,1010 元/月
合租・人居盛和林语南区,4居室,东卧,9O,高新区,高新城南宜家,1000 元/月
南城都汇汇尚园,2室2厅,南,89O,高新区,高新市一医院,3600 元/月
整租・峰汇中心,1室0厅,东南,42O,高新区,高新新会展,2300 元/月
合租・南城都汇汇彩园,9居室,东卧,12O,高新区,高新市一医院,1100 元/月
合租・南城都汇汇彩园,9居室,东卧,8O,高新区,高新市一医院,900 元/月
合租・时代晶科名苑,3居室,北卧,14O,高新区,高新市一医院,1930 元/月
合租・南城都汇汇彩园,9居室,东卧,10O,高新区,高新市一医院,1000 元/月
合租・桂溪苑,4居室,南卧,14O,高新区,高新东苑,1330 元/月
华润凤凰城三期,3室2厅,东,85O,高新区,高新大源,4500 元/月
成都棕榈泉国际中心,3室2厅,东南,112O,高新区,高新新会展,15000 元/月
合租・金地天府城,4居室,西卧,6O,高新区,高新广都,660 元/月
和贵时代巢,1室0厅,南,45O,高新区,高新神仙树,1900 元/月
合租・中德英伦世邦K区,4居室,南卧,10O,高新区,高新广都,930 元/月
合租・招商中央华城,4居室,南卧,23O,成华区,成华东郊记忆,890 元/月
独栋・同创公寓,同创鑫禾大厦店,：芳草青青,40O,成华区,,2280 元/月
独栋・同创公寓,同创鑫禾大厦店,今日特推：优选标配,35O,成华区,,1850 元/月
独栋・同创公寓,同创鑫禾大厦店,：左邻右里,38-43O,成华区,,1820-2180 元/月
万科魅力之城三期,3室2厅,南,120O,成华区,成华成渝立交,2500 元/月
合租・鲁能城一期,4居室,东南卧,9O,成华区,成华万年场,690 元/月
合租・鲁能城一期,4居室,东南卧,18O,成华区,成华万年场,828 元/月
整租・中迪创世纪,3室2厅,南,86O,成华区,成华东郊记忆,2980 元/月
华润二十四城四期,3室1厅,南,86O,成华区,成华万象城,3500 元/月
华润二十四城一期,2室1厅,南,90O,成华区,成华万象城,3200 元/月
合租・鲁能公馆,4居室,南卧,9O,成华区,成华万年场,930 元/月
合租・鲁能公馆,4居室,南卧,12O,成华区,成华万年场,990 元/月
合租・鲁能公馆,4居室,西北卧,11O,成华区,成华万年场,990 元/月
独栋・华润置地・有巢公寓,动物园店,Fun享超大公区,/,成华区,,2528 元/月
独栋・华润置地・有巢公寓,动物园店,动物园地铁口套一,/,成华区,,2046 元/月
合租・鲁能公馆,4居室,西北卧,11O,成华区,成华万年场,990 元/月
合租・首创天禧68,4居室,东南卧,30O,成华区,成华八里小区,1196 元/月
独栋・华润置地・有巢公寓,动物园店,地铁高品质住房,/,成华区,,2046 元/月
合租・首创天禧68,4居室,东南卧,21O,成华区,成华八里小区,1104 元/月
独栋・华润置地・有巢公寓,动物园店,遇见莫兰迪精装套一,48O,成华区,,2284 元/月
独栋・华润置地・有巢公寓,动物园店,随时看房/随时签约,55O,成华区,,2528 元/月
北回归线二期,2室2厅,东,83O,成华区,成华驷马桥,1500 元/月
合租・中铁二局玛塞城,3居室,南卧,12O,成华区,成华八里小区,1460 元/月
整租・春熙苑二期,1室1厅,东,38O,成华区,成华八里小区,1700 元/月
金科中心,1室1厅,东南,46O,成华区,成华驷马桥,1800 元/月
合租・府青惠园,4居室,西卧,11O,成华区,成华八里小区,990 元/月
合租・北回归线一期,3居室,南卧,12O,成华区,成华驷马桥,1060 元/月
阳光100米娅中心一期,1室1厅,东南,41O,成华区,成华万年场,2100 元/月
独栋・同创公寓,同创鑫禾大厦店,：优秀标间,35O,成华区,,1820 元/月
天祥街70号,2室2厅,东,75O,成华区,成华猛追湾,1700 元/月
独栋・同创公寓,同创鑫禾大厦店,：主推特惠-新缤纷,43O,成华区,,2180 元/月
合租・万科魅力之城四期,3居室,南卧,10O,成华区,成华成渝立交,990 元/月
嘉通云尚,1室1厅,东南,51O,成华区,成华猛追湾,2300 元/月
整租・隆鑫九熙,2室2厅,西北,78O,成华区,成华万年场,2300 元/月
合租・华润二十四城二期,3居室,西南卧,16O,成华区,成华万象城,1360 元/月
合租・浅水半岛一期,3居室,东卧,13O,成华区,成华八里小区,1060 元/月
整租・华润二十四城六期,2室1厅,东南,70O,成华区,成华万象城,3000 元/月
天祥街28号,3室1厅,东南,104O,成华区,成华猛追湾,2200 元/月
合租・鲁能公馆,3居室,北卧,11O,成华区,成华万年场,960 元/月
华宇阳光水岸,1室1厅,西南,46O,成华区,成华驷马桥,1800 元/月
浅水半岛一期,3室2厅,东南,129O,成华区,成华八里小区,2500 元/月
融锦城,2室1厅,东南,89O,成华区,成华驷马桥,2600 元/月
合租・汇融名城B区,4居室,南卧,13O,成华区,成华李家沱,800 元/月
合租・首创天禧68,4居室,南卧,21O,成华区,成华八里小区,1104 元/月
阳光100米娅中心一期,1室1厅,东南,45O,成华区,成华万年场,2400 元/月
整租・金科中心,1室1厅,西南,45O,成华区,成华驷马桥,1669 元/月
整租・金科中心,1室1厅,西南,45O,成华区,成华驷马桥,1579 元/月
整租・金科中心,1室1厅,西南,45O,成华区,成华驷马桥,1579 元/月
整租・观城,1室0厅,西北,37O,成华区,成华万象城,2300 元/月
合租・鲁能城一期,4居室,东南卧,21O,成华区,成华万年场,902 元/月
整租・金科中心,1室1厅,西南,45O,成华区,成华驷马桥,1579 元/月
整租・金科中心,1室1厅,西南,45O,成华区,成华驷马桥,1760 元/月
合租・招商中央华城,4居室,南卧,10O,成华区,成华东郊记忆,658 元/月
独栋・同创公寓,同创鑫禾大厦店,：高性价比套房,60-61O,成华区,,2450-2650 元/月
合租・鲁能城二期,4居室,东南卧,22O,成华区,成华万年场,1150 元/月
浅水半岛二期,3室2厅,东,112O,成华区,成华八里小区,3000 元/月
合租・鲁能城二期,4居室,东南卧,14O,成华区,成华万年场,893 元/月
合租・鲁能城二期,4居室,东南卧,26O,成华区,成华万年场,1063 元/月
华润二十四城一期,2室2厅,南,89O,成华区,成华万象城,3100 元/月
合租・鲁能城二期,4居室,东南卧,14O,成华区,成华万年场,893 元/月
独栋・成都泊寓,建设路店,乐致,30O,成华区,,1965-1995 元/月
整租・御龙山二期,3室1厅,东南,83O,成华区,成华万年场,2600 元/月
合租・首创国际城二期,6居室,东南卧,15O,成华区,成华成渝立交,800 元/月
布坝子街8号,1室1厅,东南,40O,成华区,成华猛追湾,1300 元/月
华润二十四城二期,2室2厅,北,55O,成华区,成华万象城,2300 元/月
整租・观城,1室1厅,南,52O,成华区,成华万象城,2300 元/月
华润二十四城二期,3室2厅,东南,74O,成华区,成华万象城,3100 元/月
合租・万科魅力之城二期,4居室,北卧,11O,成华区,成华成渝立交,1090 元/月
合租・华宇阳光水岸,3居室,东卧,8O,成华区,成华驷马桥,1060 元/月
三街坊社区,2室0厅,东南,64O,成华区,成华新华公园,1000 元/月
金科一城,2室1厅,东,72O,成华区,成华动物园,1900 元/月
理想城,3室1厅,西北,90O,成华区,成华理工大,3000 元/月
合租・千居朝阳,3居室,西南卧,15O,成华区,成华万象城,1260 元/月
合租・千居朝阳,3居室,东南卧,13O,成华区,成华万象城,1290 元/月
华西花园一期,2室1厅,西北,86O,成华区,成华万年场,1800 元/月
合租・金科一城,3居室,北卧,10O,成华区,成华动物园,860 元/月
合租・万科魅力之城四期,5居室,西卧,12O,成华区,成华成渝立交,960 元/月
合租・蓝润V客东区,4居室,东南卧,10O,成华区,成华SM广场,710 元/月
合租・蓝润V客东区,4居室,东南卧,15O,成华区,成华SM广场,930 元/月
天空城,3室1厅,东北,121O,成华区,成华万年场,2500 元/月
合租・交大归谷建设派,4居室,西南卧,13O,成华区,成华理工大,930 元/月
合租・蓝润V客东区,4居室,东南卧,11O,成华区,成华SM广场,911 元/月
合租・招商中央华城,4居室,南卧,18O,成华区,成华东郊记忆,890 元/月
合租・鲁能城二期,4居室,东南卧,22O,成华区,成华万年场,1150 元/月
合租・华润二十四城七期,4居室,西北卧,12O,成华区,成华万象城,1530 元/月
蓝光富丽花城,2室1厅,南,59O,成华区,成华动物园,1800 元/月
独栋・FUNX青年社区,金科店,独享复式,43O,成华区,,1769 元/月
合租・红枫岭二期,3居室,北卧,14O,成华区,成华东郊记忆,1290 元/月
独栋・FUNX青年社区,金科店,精致-工业风-开间,45O,成华区,,1590 元/月
华润二十四城一期,2室1厅,东,90O,成华区,成华万象城,3000 元/月
整租・泛悦城市广场,1室0厅,东南,27O,成华区,成华驷马桥,1500 元/月
独栋・FUNX青年社区,金科店,夏季-清爽-A2,45O,成华区,,1679 元/月
中铁二局玛塞城,2室1厅,南,61O,成华区,成华八里小区,2600 元/月
合租・新里柏仕公馆,4居室,西南卧,19O,成华区,成华东客站,1160 元/月
整租・泛悦城市广场,1室0厅,西,27O,成华区,成华驷马桥,1500 元/月
合租・府青惠园,4居室,东卧,7O,成华区,成华八里小区,790 元/月
独栋・FUNX青年社区,金科店,地铁3号线直达春熙路,45O,成华区,,1590 元/月
整租・万科金域蓝湾一期,3室1厅,北,85O,成华区,成华建设路,3500 元/月
合租・华润二十四城一期,4居室,东南卧,14O,成华区,成华万象城,1590 元/月
整租・泰博理想城二期,3室1厅,东/东南/南,80O,成华区,成华理工大,2800 元/月
合租・花样年花郡,4居室,东南卧,14O,成华区,成华万象城,1730 元/月
合租・东城映象C区,3居室,西南卧,13O,成华区,成华八里小区,850 元/月
独栋・同创公寓,李家沱店,阳台标间,32O,成华区,,1880-1920 元/月
蓝光富丽花城,3室1厅,南,86O,成华区,成华动物园,2000 元/月
合租・成华奥园广场二期,4居室,北卧,12O,成华区,成华万年场,1190 元/月
整租・泛悦城市广场,1室0厅,西南,27O,成华区,成华驷马桥,1550 元/月
整租・和泓东28,1室1厅,南,34O,成华区,成华东郊记忆,1700 元/月
瑞祥御锦,2室2厅,南,91O,成华区,成华驷马桥,2800 元/月
华润二十四城五期,1室1厅,东南,50O,成华区,成华万象城,2500 元/月
整租・御龙山二期,3室1厅,东/东南/南,83O,成华区,成华万年场,2600 元/月
独栋・华润置地・有巢公寓,动物园店,3号线动物园地铁口,/,成华区,,2046 元/月
整租・鲁能公馆,3室2厅,南,81O,成华区,成华万年场,2900 元/月
华润二十四城一期,2室2厅,东,90O,成华区,成华万象城,3300 元/月
整租・金科星耀天都,1室1厅,西北,47O,成华区,成华驷马桥,1900 元/月
整租・观城,3室1厅,南,90O,成华区,成华万象城,3500 元/月
合租・西南电力设计院小区,5居室,南卧,14O,成华区,成华猛追湾,700 元/月
整租・金科中心,1室0厅,南,45O,成华区,成华驷马桥,1660 元/月
独栋・禾尖公寓,泛悦城市广场店,11,34O,成华区,,1630 元/月
独栋・禾尖公寓,青龙广场店,女神首选,48O,成华区,,1800 元/月
上东一号一期,1室1厅,东,52O,成华区,成华动物园,1500 元/月
金科中心,1室1厅,东,46O,成华区,成华驷马桥,2200 元/月
招商雍华府二期,3室1厅,西,93O,成华区,成华驷马桥,2800 元/月
整租・恒大中央广场,3室1厅,西南,88O,成华区,成华新华公园,3400 元/月
中房蓝水湾,4室1厅,东北,137O,成华区,成华李家沱,3000 元/月
沙河路苑,2室1厅,东南,82O,成华区,成华驷马桥,2000 元/月
北回归线二期,2室2厅,东南,90O,成华区,成华驷马桥,2000 元/月
北回归线二期,3室1厅,东,91O,成华区,成华驷马桥,2200 元/月
万科魅力之城三期,4室2厅,东南,147O,成华区,成华成渝立交,4500 元/月
合租・招商雍华府二期,3居室,东南卧,17O,成华区,成华驷马桥,750 元/月
整租・鲁能公馆,1室1厅,东南/南,52O,成华区,成华万年场,2598 元/月
整租・鲁能公馆,1室1厅,南/西南,52O,成华区,成华万年场,2600 元/月
整租・鲁能公馆,1室1厅,南/西南,52O,成华区,成华万年场,2600 元/月
整租・鲁能公馆,1室1厅,南/西南,52O,成华区,成华万年场,2600 元/月
整租・隆鑫九熙,1室1厅,南/西南,52O,成华区,成华万年场,2600 元/月
嘉通云尚,2室1厅,南,62O,成华区,成华猛追湾,3217 元/月
整租・华润二十四城二期,2室1厅,西南,65O,成华区,成华万象城,3000 元/月
金科中心,1室0厅,南,48O,成华区,成华驷马桥,1650 元/月
合租・上东一号二期,4居室,南卧,16O,成华区,成华动物园,749 元/月
招商雍华府二期,2室2厅,南/北,77O,成华区,成华驷马桥,2200 元/月
合租・首创天禧68,4居室,南卧,18O,成华区,成华八里小区,1190 元/月
整租・明信鹭湾,2室1厅,东南/南,88O,成华区,成华万年场,2798 元/月
整租・华润二十四城一期,2室2厅,南,90O,成华区,成华万象城,3200 元/月
整租・420厂宿舍,2室1厅,南,67O,成华区,成华新华公园,1500 元/月
招商雍华府二期,3室2厅,东,105O,成华区,成华驷马桥,2600 元/月
华润二十四城二期,2室1厅,东南,55O,成华区,成华万象城,3000 元/月
花样年花郡,1室1厅,西南,44O,成华区,成华万象城,2000 元/月
兴元华盛一期,3室1厅,东,120O,成华区,成华驷马桥,2800 元/月
蜜城(望平街),1室1厅,东南,30O,成华区,成华猛追湾,1800 元/月
天空城,2室1厅,东南,89O,成华区,成华万年场,2000 元/月
华油苑,3室1厅,西南/东北,92O,成华区,成华李家沱,2000 元/月
荣盛香榭兰庭一期,3室1厅,东,78O,成华区,成华东客站,3000 元/月
整租・金科中心,1室1厅,东南/西北,45O,成华区,成华驷马桥,1860 元/月
合租・地质花园,5居室,西南卧,11O,成华区,成华八里小区,650 元/月
华宇阳光水岸,2室1厅,东,69O,成华区,成华驷马桥,2200 元/月
万年茗居,2室2厅,南,64O,成华区,成华万象城,1900 元/月
整租・东城映象C区,1室1厅,南,50O,成华区,成华八里小区,2080 元/月
和泓东28,2室1厅,西南,58O,成华区,成华东郊记忆,2000 元/月
整租・观城,1室1厅,东,50O,成华区,成华万象城,2500 元/月
独栋・同创公寓,李家沱店,同创主推-光明标间,27O,成华区,,1580-1720 元/月
猛追湾街26号,3室2厅,东南,105O,成华区,成华猛追湾,2300 元/月
独栋・同创公寓,同创鑫禾大厦店,今日特推-高端标配,40O,成华区,,2080 元/月
独栋・同创公寓,府青路店,标间D,26O,成华区,,1590 元/月
华润二十四城二期,3室1厅,东南,89O,成华区,成华万象城,4000 元/月
金科中心,2室1厅,南,52O,成华区,成华驷马桥,2000 元/月
独栋・同创公寓,李家沱店,N-style2+7,26-35O,成华区,,1620-1980 元/月
新里柏仕公馆,3室1厅,东南,89O,成华区,成华东客站,2600 元/月
独栋・同创公寓,李家沱店,同创优选-芳华标间,32O,成华区,,1780 元/月
浅水半岛二期,2室2厅,南,89O,成华区,成华八里小区,2600 元/月
独栋・同创公寓,李家沱店,今日特惠-多彩标间,32O,成华区,,1670-1720 元/月
华润二十四城二期,3室1厅,西南,81O,成华区,成华万象城,2800 元/月
浅水半岛三期,3室1厅,东南,104O,成华区,成华八里小区,3200 元/月
上行锦绣,2室1厅,东南,75O,成华区,成华驷马桥,1900 元/月
浅水半岛二期,2室1厅,东,89O,成华区,成华八里小区,2400 元/月
泛悦城市广场,3室1厅,南,90O,成华区,成华驷马桥,2600 元/月
合租・红枫岭三期,3居室,北卧,12O,成华区,成华东郊记忆,1030 元/月
合租・红枫岭三期,4居室,西卧,13O,成华区,成华东郊记忆,1030 元/月
合租・红枫岭三期,4居室,西卧,9O,成华区,成华东郊记忆,890 元/月
整租・春熙苑二期,1室1厅,西南,40O,成华区,成华八里小区,1600 元/月
合租・中房蓝水湾,4居室,西卧,9O,成华区,成华李家沱,1030 元/月
整租・华润二十四城二期,3室1厅,东,74O,成华区,成华万象城,3500 元/月
整租・观城,1室0厅,西,50O,成华区,成华万象城,2500 元/月
泛悦城市广场,3室1厅,东南,113O,成华区,成华驷马桥,3500 元/月
整租・云水苑,3室1厅,东,89O,成华区,成华万年场,2500 元/月
兴元华盛一期,2室1厅,南/西南,61O,成华区,成华驷马桥,1800 元/月
和泓东28,2室1厅,东,57O,成华区,成华东郊记忆,2200 元/月
整租・优品尚东三期,3室2厅,南,78O,成华区,成华万年场,2500 元/月
华宇阳光水岸,3室1厅,东南,89O,成华区,成华驷马桥,2700 元/月
华润翠林华庭,2室1厅,南,80O,成华区,成华动物园,2000 元/月
花样年花郡,1室1厅,东南,43O,成华区,成华万象城,2200 元/月
合租・中房蓝水湾,3居室,南卧,15O,成华区,成华李家沱,1190 元/月
博闻八里锦汇,2室2厅,跃层,85O,成华区,成华八里小区,1700 元/月
蓝光富丽花城,3室2厅,东,95O,成华区,成华动物园,2200 元/月
浅水半岛三期,2室1厅,东南,82O,成华区,成华八里小区,2600 元/月
云水苑,3室1厅,西北,89O,成华区,成华万年场,2600 元/月
北回归线二期,3室2厅,东,91O,成华区,成华驷马桥,2000 元/月
金科中心,1室0厅,南,53O,成华区,成华驷马桥,1500 元/月
沙河路苑,2室1厅,东南,89O,成华区,成华驷马桥,2200 元/月
领都,2室2厅,东,79O,成华区,成华驷马桥,2000 元/月
华润翠林华庭,2室1厅,南,72O,成华区,成华动物园,2300 元/月
整租・华润二十四城二期,2室1厅,北,68O,成华区,成华万象城,3000 元/月
阳光100米娅中心一期,1室1厅,南,45O,成华区,成华万年场,1900 元/月
上东一号一期,3室1厅,南,88O,成华区,成华动物园,1800 元/月
合租・中铁二局玛塞城,4居室,南卧,15O,成华区,成华八里小区,1090 元/月
合租・中铁二局玛塞城,4居室,南卧,9O,成华区,成华八里小区,1030 元/月
合租・中铁二局玛塞城,4居室,北卧,7O,成华区,成华八里小区,790 元/月
合租・府青惠园,3居室,西卧,11O,成华区,成华八里小区,1090 元/月
和泓东28,3室1厅,东南,72O,成华区,成华东郊记忆,3000 元/月
整租・华润二十四城六期,2室1厅,南/西南,70O,成华区,成华万象城,3200 元/月
整租・华润二十四城二期,2室2厅,东北,68O,成华区,成华万象城,3100 元/月
合租・沙河路苑,3居室,西卧,8O,成华区,成华驷马桥,1090 元/月
西岸观邸,3室2厅,东北,120O,金牛区,金牛国宾,3200 元/月
交大北园,2室1厅,南,54O,金牛区,金牛西南交大,1600 元/月
现代城,3室1厅,东南,89O,金牛区,金牛沙湾,3000 元/月
独栋・同创公寓,西南大厦店,欢乐之城-F4,27-29O,金牛区,,1820-1920 元/月
独栋・乐乎城市青年社区,人民北路店,C户型,24-30O,金牛区,,1700-2000 元/月
富丽碧蔓汀,3室1厅,东南,96O,金牛区,金牛金牛万达,2700 元/月
合租・西岸观邸,4居室,东卧,12O,金牛区,金牛国宾,1360 元/月
金牛区教师宿舍,2室1厅,东南,88O,金牛区,金牛营门口,1700 元/月
合租・金牛万达C组团,4居室,南卧,14O,金牛区,金牛金牛万达,1590 元/月
新世界丽晶花园,1室0厅,东,47O,金牛区,金牛通惠门,1850 元/月
银沙北街91号院,3室1厅,南/北,66O,金牛区,金牛营门口,1800 元/月
西岸观邸,3室2厅,东,93O,金牛区,金牛国宾,2500 元/月
整租・成华街9号,2室1厅,南,67O,金牛区,金牛马鞍路,1400 元/月
独栋・乐乎城市青年社区,火车北站店,A户型,南,金牛区,,1540-1743 元/月
独栋・乐乎城市青年社区,火车北站店,B户型,南,金牛区,,1600-1827 元/月
独栋・同创公寓,西南大厦店,欢乐之城F7,36O,金牛区,,1980 元/月
金牛万达A组团,2室1厅,南,72O,金牛区,金牛金牛万达,2800 元/月
独栋・同创公寓,西南大厦店,特惠主推-清雅F7,27O,金牛区,,1740 元/月
正成拉斐,3室1厅,东南,102O,金牛区,金牛国宾,3000 元/月
锦西国际,2室1厅,跃层,36O,金牛区,金牛沙湾,2200 元/月
合租・金牛万达A组团,3居室,南卧,8O,金牛区,金牛金牛万达,1130 元/月
独栋・同创公寓,五块石店,L豪装标间,28O,金牛区,,1680 元/月
合租・普罗旺斯,3居室,东南卧,146O,金牛区,金牛国宾,3000 元/月
万科加州湾,2室1厅,东南,83O,金牛区,金牛沙湾,2200 元/月
独栋・乐乎城市青年社区,火车北站店,特价房,19-26O,金牛区,,1600-1720 元/月
金海雅舍,4室1厅,跃层,127O,金牛区,金牛花照壁,2900 元/月
千和馨城,2室1厅,东北,69O,金牛区,金牛蜀汉路,2500 元/月
金牛万达C组团,2室1厅,西南,72O,金牛区,金牛金牛万达,2800 元/月
合租・凯丽豪景,4居室,西卧,14O,金牛区,金牛一品天下,1230 元/月
千和馨城,2室1厅,东南,76O,金牛区,金牛蜀汉路,2500 元/月
独栋・乐乎城市青年社区,火车北站店,小仙女3.0,北,金牛区,,1540-1640 元/月
惠民苑(金牛),2室1厅,东南,77O,金牛区,金牛蜀汉路,2100 元/月
交大智能八期,1室1厅,南,44O,金牛区,金牛营门口,1600 元/月
合租・西城天下,3居室,东北卧,14O,金牛区,金牛茶店子,1330 元/月
合租・西城天下,3居室,东北卧,9O,金牛区,金牛茶店子,1030 元/月
合租・西城天下,3居室,东北卧,13O,金牛区,金牛茶店子,1230 元/月
合租・上层建筑,3居室,东卧,10O,金牛区,金牛蜀汉路,1230 元/月
合租・绿杨新,3居室,南卧,13O,金牛区,金牛蜀汉路,1060 元/月
顶峰水岸汇景,3室1厅,南,149O,金牛区,金牛营门口,3200 元/月
合租・西岸观邸,4居室,西南卧,15O,金牛区,金牛国宾,1110 元/月
整租・曹家巷恒大雅苑,2室2厅,东南/西南/西,80O,金牛区,金牛马鞍路,3590 元/月
整租・曹家巷恒大雅苑,2室2厅,东南/西南/西,80O,金牛区,金牛马鞍路,3590 元/月
整租・曹家巷恒大雅苑,2室1厅,东南,68O,金牛区,金牛马鞍路,3090 元/月
整租・为民新居,2室1厅,东南,70O,金牛区,金牛沙湾,2450 元/月
整租・为民新居,2室1厅,西南,75O,金牛区,金牛沙湾,2450 元/月
金都花园,3室1厅,东南,141O,金牛区,金牛蜀汉路,3500 元/月
整租・曹家巷恒大雅苑,3室2厅,西南,101O,金牛区,金牛马鞍路,4090 元/月
独栋・乐乎城市青年社区,人民北路店,D户型,24-35O,金牛区,,1700-1800 元/月
整租・曹家巷恒大雅苑,2室2厅,南/北,68O,金牛区,金牛马鞍路,3090 元/月
锦城名都,2室1厅,东北,88O,金牛区,金牛营门口,2400 元/月
整租・曹家巷恒大雅苑,2室1厅,东南/西南,68O,金牛区,金牛马鞍路,3090 元/月
新天地,3室1厅,复式,100O,金牛区,金牛蜀汉路,3200 元/月
独栋・橙堡公寓,金牛花都店,智能房套一,/,金牛区,,3180 元/月
合租・顶峰水岸汇景,1居室,南卧,15O,金牛区,金牛营门口,900 元/月
交桂巷8号院,2室1厅,东南,66O,金牛区,金牛西南交大,1750 元/月
西城公馆,1室1厅,东南,56O,金牛区,金牛茶店子,1700 元/月
整租・西安中路39号,3室1厅,东南,98O,金牛区,金牛通惠门,2500 元/月
交大南园,3室2厅,南,109O,金牛区,金牛西南交大,3000 元/月
一环路北一段270号,3室1厅,东南,70O,金牛区,金牛沙湾,1800 元/月
锦西国际,2室1厅,南,36O,金牛区,金牛沙湾,2000 元/月
现代城,2室1厅,东南,89O,金牛区,金牛沙湾,2600 元/月
全兴花园,3室2厅,东,153O,金牛区,金牛沙湾,3500 元/月
恒大西锦城,3室2厅,南,137O,金牛区,金牛国宾,3600 元/月
锦城名都,2室1厅,东南,80O,金牛区,金牛营门口,2600 元/月
独栋・冠寓,成都赞城店,A4舒适开间,1室0厅1卫,金牛区,,1729 元/月
交大北园,3室1厅,南,80O,金牛区,金牛西南交大,2100 元/月
独栋・冠寓,成都赞城店,A3精致小屋,22O,金牛区,,1639 元/月
万科金域西岭,2室2厅,东,90O,金牛区,金牛国宾,2600 元/月
独栋・冠寓,成都赞城店,B1豪华套房,40O,金牛区,,2259 元/月
金都花园,3室1厅,东南,151O,金牛区,金牛蜀汉路,4500 元/月
凯丽豪景,2室1厅,东南,62O,金牛区,金牛一品天下,3500 元/月
圃园南二路6号,3室1厅,东南,100O,金牛区,金牛沙湾,2400 元/月
兴元绿洲一期,2室1厅,南,90O,金牛区,金牛金府,1900 元/月
合租・北京城建龙樾熙城,5居室,南卧,11O,金牛区,金牛国宾,610 元/月
独栋・同创公寓,五块石店,今日特惠-经典标间,26-30O,金牛区,,1570-1620 元/月
金域港湾,3室1厅,南,120O,金牛区,金牛茶店子,3600 元/月
独栋・橙堡公寓,金牛花都店,智能房精致套一,/,金牛区,,3280 元/月
金沙横街2号,2室1厅,东,48O,金牛区,金牛沙湾,1400 元/月
独栋・橙堡公寓,金牛花都店,温馨大套一,/,金牛区,,2580 元/月
合租・北京城建龙樾熙城,5居室,东南卧,12O,金牛区,金牛国宾,610 元/月
独栋・橙堡公寓,金牛花都店,标准大套一,/,金牛区,,2580 元/月
锦城名都,2室1厅,东南,61O,金牛区,金牛营门口,2200 元/月
整租・曹家巷恒大雅苑,2室2厅,西南/西北,68O,金牛区,金牛马鞍路,3090 元/月
整租・曹家巷恒大雅苑,2室2厅,西南/西北,68O,金牛区,金牛马鞍路,3090 元/月
整租・曹家巷恒大雅苑,2室2厅,西南/西北,68O,金牛区,金牛马鞍路,3090 元/月
整租・曹家巷恒大雅苑,2室2厅,西南/西北,68O,金牛区,金牛马鞍路,3090 元/月
锦城名都,3室1厅,东南,96O,金牛区,金牛营门口,3100 元/月
整租・曹家巷恒大雅苑,2室2厅,南/东北,85O,金牛区,金牛马鞍路,3602 元/月
整租・曹家巷恒大雅苑,2室2厅,南/东北,85O,金牛区,金牛马鞍路,3602 元/月
幸福春天,2室2厅,东北,92O,金牛区,金牛茶店子,2300 元/月
整租・曹家巷恒大雅苑,2室2厅,东南/南,85O,金牛区,金牛马鞍路,3590 元/月
整租・曹家巷恒大雅苑,2室2厅,东南/南,68O,金牛区,金牛马鞍路,3090 元/月
一品天下C区,2室1厅,东南,70O,金牛区,金牛一品天下,2500 元/月
整租・曹家巷恒大雅苑,2室2厅,东南/西南,85O,金牛区,金牛马鞍路,3690 元/月
银沙正街2号,1室1厅,东南,50O,金牛区,金牛营门口,1100 元/月
万科加州湾,2室1厅,东,80O,金牛区,金牛沙湾,2200 元/月
金牛万达A组团,2室1厅,东南,60O,金牛区,金牛金牛万达,2800 元/月
西岸观邸,3室1厅,东,93O,金牛区,金牛国宾,2800 元/月
合租・为民新居,4居室,西南卧,12O,金牛区,金牛沙湾,750 元/月
合租・西岸观邸,4居室,西南卧,15O,金牛区,金牛国宾,700 元/月
合租・西岸观邸,5居室,东南卧,20O,金牛区,金牛国宾,850 元/月
合租・益州蓉苑,5居室,西南卧,20O,金牛区,金牛国宾,850 元/月
整租・为民新居,2室1厅,西南,70O,金牛区,金牛沙湾,2800 元/月
独栋・同创公寓,五块石店,今日主推-敞亮标间,25O,金牛区,,1630 元/月
独栋・同创公寓,西南大厦店,清雅特惠F4,27O,金牛区,,1760 元/月
整租・曹家巷恒大雅苑,2室1厅,南,68O,金牛区,金牛马鞍路,3090 元/月
独栋・同创公寓,西南大厦店,全楼性价比之王,27O,金牛区,,1680 元/月
千和馨城,2室1厅,东南,72O,金牛区,金牛蜀汉路,2200 元/月
泰逸美景,3室2厅,东南,97O,金牛区,金牛国宾,2700 元/月
独栋・同创公寓,五块石店,LOFT套一,64O,金牛区,,2180 元/月
合租・阳光金沙,5居室,南卧,13O,金牛区,金牛蜀汉路,751 元/月
蓝光花好月圆,1室0厅,东南,37O,金牛区,金牛一品天下,1500 元/月
整租・营中巷32号,2室1厅,东南,58O,金牛区,金牛抚琴小区,1600 元/月
现代城,2室1厅,南,78O,金牛区,金牛沙湾,2800 元/月
独栋・乐乎城市青年社区,人民北路店,吉利服2.0A,24O,金牛区,,1700-1800 元/月
整租・新熙门,1室1厅,东南,56O,金牛区,金牛沙湾,2500 元/月
整租・鑫城府,2室1厅,东南,80O,金牛区,金牛抚琴小区,2500 元/月
独栋・乐乎城市青年社区,人民北路店,吉利服3.0A,24O,金牛区,,1700-1800 元/月
整租・熙城国际,2室1厅,东南,75O,金牛区,金牛抚琴小区,2300 元/月
金牛万达A组团,2室1厅,南/西南,72O,金牛区,金牛金牛万达,3000 元/月
千和馨城,2室1厅,西南,65O,金牛区,金牛蜀汉路,2300 元/月
独栋・乐乎城市青年社区,人民北路店,绿青萝3.0A,24-56O,金牛区,,1700-2750 元/月
独栋・乐乎城市青年社区,火车北站店,昨夜的酒3.0B,北,金牛区,,1600-1800 元/月
独栋・乐乎城市青年社区,火车北站店,初心4.0A,南,金牛区,,1600-1800 元/月
独栋・冠寓,成都营门口店B座一期,A1阳光1居,1室0厅1卫,金牛区,,1679 元/月
独栋・冠寓,成都营门口店B座一期,A2温馨1居,1室0厅1卫,金牛区,,1779 元/月
独栋・冠寓,成都营门口店B座一期,A3雅致1居,1室0厅1卫,金牛区,,2049 元/月
金都花园,2室2厅,东南,89O,金牛区,金牛蜀汉路,2300 元/月
金都花园,3室2厅,东南,127O,金牛区,金牛蜀汉路,3200 元/月
独栋・冠寓,成都营门口店B座一期,A4精致1居,1室0厅1卫,金牛区,,1829 元/月
合租・西岸观邸,4居室,南卧,12O,金牛区,金牛国宾,1360 元/月
独栋・冠寓,成都营门口店B座一期,A5阳光1居,1室0厅1卫,金牛区,,2249 元/月
整租・蓝光花好月圆,1室1厅,南,52O,金牛区,金牛一品天下,2200 元/月
整租・顶峰水岸汇景,2室2厅,南,90O,金牛区,金牛营门口,3000 元/月
独栋・冠寓,成都营门口店B座一期,A6雅致1居,1室0厅1卫,金牛区,,2129 元/月
西城天下,3室1厅,东南,125O,金牛区,金牛茶店子,4000 元/月
锦城苑(金牛),3室1厅,东南,138O,金牛区,金牛茶店子,3200 元/月
富丽碧蔓汀,3室1厅,东南,75O,金牛区,金牛金牛万达,3000 元/月
独栋・乐乎城市青年社区,人民北路店,罗马花园2.0,北,金牛区,,1600-1720 元/月
九里教师苑,3室1厅,东南,100O,金牛区,金牛营门口,2300 元/月
整租・为民新居,2室1厅,西北,70O,金牛区,金牛沙湾,2500 元/月
现代城,2室1厅,南,78O,金牛区,金牛沙湾,2300 元/月
锦西国际,1室0厅,南,32O,金牛区,金牛沙湾,1400 元/月
整租・檀香花园,2室2厅,南,88O,金牛区,金牛国宾,2300 元/月
整租・迪康银色诗典,2室2厅,西,86O,金牛区,金牛马鞍路,2000 元/月
万科金域西岭,2室2厅,东南,90O,金牛区,金牛国宾,2600 元/月
锦西国际,1室0厅,东,30O,金牛区,金牛沙湾,1400 元/月
现代城,2室1厅,东南,83O,金牛区,金牛沙湾,2700 元/月
西沙美景小区,1室1厅,南/西南,56O,金牛区,金牛沙湾,1750 元/月
蓝光云鼎,1室1厅,东南,48O,金牛区,金牛一品天下,2500 元/月
抚琴西路46号,2室1厅,东南,57O,金牛区,金牛石人小区,1500 元/月
金牛万达C组团,2室2厅,东南,72O,金牛区,金牛金牛万达,2800 元/月
整租・泰逸美景,2室1厅,东南,97O,金牛区,金牛国宾,2500 元/月
树蓓巷1号,3室2厅,东南,97O,金牛区,金牛金牛万达,2200 元/月
红花村1号,3室1厅,南,88O,金牛区,金牛金牛万达,1600 元/月
金牛万达A组团,2室1厅,东南/南,72O,金牛区,金牛金牛万达,2700 元/月
交大北园,3室1厅,西南,90O,金牛区,金牛西南交大,2200 元/月
锦西国际,1室0厅,西南,35O,金牛区,金牛沙湾,1500 元/月
檀香花园,3室2厅,东南,93O,金牛区,金牛国宾,2600 元/月
今阁公寓,1室0厅,东南,27O,金牛区,金牛花牌坊,900 元/月
阳光金沙,2室1厅,南,70O,金牛区,金牛蜀汉路,1600 元/月
独栋・橙堡公寓,金牛花都店,雾里看花温馨套一,50O,金牛区,,2580 元/月
合租・阳曦芙蓉城,3居室,北卧,13O,金牛区,金牛茶店子,1030 元/月
龙门镇二期,2室1厅,南,89O,金牛区,金牛金牛万达,2000 元/月
万科金域西岭,2室1厅,北,89O,金牛区,金牛国宾,2800 元/月
新和名座,1室0厅,西南,42O,金牛区,金牛一品天下,1600 元/月
澳林春天,2室1厅,东南,78O,金牛区,金牛一品天下,2100 元/月
整租・恒大西锦城,2室1厅,西南,90O,金牛区,金牛国宾,3350 元/月
西西里二期,1室1厅,南,47O,金牛区,金牛茶店子,1600 元/月
欧波罗,1室1厅,东南,42O,金牛区,金牛九里堤,1400 元/月
整租・青羊北路9号,2室1厅,东南,52O,金牛区,金牛通惠门,2200 元/月
檀香花园,2室1厅,东南,89O,金牛区,金牛国宾,2200 元/月
合租・朝阳朗香广场,3居室,北卧,9O,金牛区,金牛沙湾,1130 元/月
整租・金琴路南三巷3号,2室1厅,南,60O,金牛区,金牛石人小区,1600 元/月
锦城名都,2室1厅,东南,87O,金牛区,金牛营门口,2700 元/月
合租・富丽碧蔓汀,3居室,东卧,9O,金牛区,金牛金牛万达,960 元/月
西岸观邸,3室2厅,南,110O,金牛区,金牛国宾,3200 元/月
青房尚瑞天韵,2室1厅,东南,89O,金牛区,金牛高家庄,2400 元/月
独栋・冠寓,成都赞城店,A1大床房,1室0厅1卫,金牛区,,1759 元/月
独栋・冠寓,成都赞城店,A2温馨标间,1室0厅1卫,金牛区,,1729 元/月
独栋・冠寓,成都赞城店,A1露台房,32O,金牛区,,2159 元/月
万科加州湾,2室1厅,东,84O,金牛区,金牛沙湾,2400 元/月
蓝光花满庭一期,3室2厅,南,88O,金牛区,金牛五块石,2000 元/月
交大智能五期,4室2厅,跃层,153O,金牛区,金牛西南交大,3000 元/月
富丽碧蔓汀,1室1厅,东南,25O,金牛区,金牛金牛万达,1100 元/月
西城公馆,1室1厅,错层,56O,金牛区,金牛茶店子,2000 元/月
正成拉斐,3室2厅,南,87O,金牛区,金牛国宾,2500 元/月
锦城名都,2室1厅,南,82O,金牛区,金牛营门口,2600 元/月
独栋・禾尖公寓,五块石店,A1,/,金牛区,,1580 元/月
独栋・禾尖公寓,五块石店,A3,34O,金牛区,,1580 元/月
交大南园,3室2厅,南,106O,金牛区,金牛西南交大,3200 元/月
上层建筑,2室1厅,东南,80O,金牛区,金牛蜀汉路,3600 元/月
整租・正成拉斐,3室2厅,南,88O,金牛区,金牛国宾,2900 元/月
整租・南玻公寓,4室2厅,南,177O,金牛区,金牛金牛万达,4500 元/月
整租・普罗旺斯,2室2厅,西南,126O,金牛区,金牛国宾,2600 元/月
整租・西城公馆,2室1厅,西南,88O,金牛区,金牛茶店子,2500 元/月
锦城世家,3室2厅,西北,122O,金牛区,金牛花牌坊,4300 元/月
整租・天彩菁华,2室1厅,东南,75O,金牛区,金牛九里堤,1700 元/月
蓝光云鼎,2室1厅,东南/南/西南,67O,金牛区,金牛一品天下,3000 元/月
锦城苑(金牛),3室2厅,东南,132O,金牛区,金牛茶店子,3000 元/月
龙门镇,3室1厅,东南,92O,金牛区,金牛金牛万达,2500 元/月
檀香花园,2室1厅,南,90O,金牛区,金牛国宾,2500 元/月
合租・西城天下,3居室,西卧,10O,金牛区,金牛茶店子,1260 元/月
西岸观邸,3室2厅,南,90O,金牛区,金牛国宾,2800 元/月
锦西国际,1室0厅,东南,34O,金牛区,金牛沙湾,1300 元/月
芙蓉华庭,2室2厅,南,80O,金牛区,金牛金牛万达,1600 元/月
独栋・FUNX青年社区,南极星公寓店,延禧宫,25O,金牛区,,1380 元/月
格林尚元丽舍,2室1厅,东北,98O,金牛区,金牛马鞍路,2400 元/月
独栋・FUNX青年社区,南极星公寓店,宫心计,25O,金牛区,,1380 元/月
独栋・FUNX青年社区,南极星公寓店,女儿国,28O,金牛区,,1480 元/月
宏达世纪锦城,3室1厅,南,99O,天府新区,天府新区海洋公园,1800 元/月
整租・欣宇都市港湾,2室1厅,东南,70O,天府新区,天府新区南湖,1950 元/月
合租・府河音乐花园,4居室,东卧,19O,天府新区,天府新区华阳,1330 元/月
合租・戛纳湾金棕榈,5居室,东卧,15O,天府新区,天府新区华阳,912 元/月
整租・宏达世纪锦城,2室1厅,南,78O,天府新区,天府新区海洋公园,2400 元/月
合租・凯华丽景,4居室,北卧,11O,天府新区,天府新区四河,930 元/月
合租・慕和南道,5居室,东南卧,16O,天府新区,天府新区华阳,1000 元/月
宏达世纪锦城,3室2厅,东南,135O,天府新区,天府新区海洋公园,3200 元/月
合租・远光水印城,3居室,西卧,9O,天府新区,天府新区四河,930 元/月
合租・蓝润ISC,4居室,南卧,12O,天府新区,天府新区华阳,1130 元/月
合租・南阳盛世,4居室,东南卧,16O,天府新区,天府新区南湖,1100 元/月
整租・滨江和城,3室1厅,东南,110O,天府新区,天府新区麓山,2500 元/月
整租・南湖尚景,2室1厅,西南,80O,天府新区,天府新区南湖,2000 元/月
合租・金茂光明城市,4居室,南卧,15O,天府新区,天府新区华阳,900 元/月
双华麓港,3室1厅,南,111O,天府新区,天府新区南湖,2800 元/月
合租・金茂光明城市,5居室,南卧,18O,天府新区,天府新区华阳,980 元/月
合租・金茂光明城市,5居室,南卧,10O,天府新区,天府新区华阳,750 元/月
合租・金茂光明城市,5居室,南卧,14O,天府新区,天府新区华阳,850 元/月
合租・府河音乐花园,4居室,东卧,12O,天府新区,天府新区华阳,860 元/月
合租・府河音乐花园,4居室,西卧,15O,天府新区,天府新区华阳,990 元/月
合租・阳光华苑,6居室,东南卧,18O,天府新区,天府新区华阳,900 元/月
双华麓港,3室2厅,东南,105O,天府新区,天府新区南湖,2600 元/月
合租・心怡中丝园,5居室,西南卧,15O,天府新区,天府新区麓山,950 元/月
整租・滨江和城,3室1厅,东南,95O,天府新区,天府新区麓山,2500 元/月
合租・金茂光明城市,8居室,东南卧,12O,天府新区,天府新区华阳,700 元/月
慕和南道,2室1厅,东,91O,天府新区,天府新区华阳,2400 元/月
合租・双华麓港,5居室,东南卧,12O,天府新区,天府新区南湖,800 元/月
合租・蓝润ISC,4居室,西卧,8O,天府新区,天府新区华阳,930 元/月
蓝岸丽景,2室2厅,北,94O,天府新区,天府新区华阳,2300 元/月
合租・三利云锦,6居室,东南卧,9O,天府新区,天府新区华阳,600 元/月
恒大名都,2室1厅,东,78O,天府新区,天府新区海洋公园,2300 元/月
三利云锦,3室1厅,南,131O,天府新区,天府新区华阳,4000 元/月
独栋・FUNX青年社区,美高登店,舒适小套一,39-40O,天府新区,,2167 元/月
独栋・FUNX青年社区,美高登店,舞柳小套一,39-40O,天府新区,,2169 元/月
合租・慕和南道,7居室,东南卧,11O,天府新区,天府新区华阳,700 元/月
合租・慕和南道,7居室,东南卧,12O,天府新区,天府新区华阳,750 元/月
合租・华阳滨河花园,4居室,北卧,18O,天府新区,天府新区华阳,1330 元/月
南湖国际社区,3室1厅,东,116O,天府新区,天府新区双流城区,3000 元/月
合租・慕和南道,7居室,东南卧,11O,天府新区,天府新区华阳,720 元/月
合租・府河音乐花园,4居室,东卧,11O,天府新区,天府新区华阳,830 元/月
合租・慕和南道,7居室,东南卧,10O,天府新区,天府新区华阳,600 元/月
合租・慕和南道,4居室,东卧,15O,天府新区,天府新区华阳,1360 元/月
合租・慕和南道,7居室,东南卧,11O,天府新区,天府新区华阳,700 元/月
合租・金茂光明城市,5居室,东南卧,15O,天府新区,天府新区华阳,960 元/月
合租・凯华丽景,4居室,东卧,8O,天府新区,天府新区四河,1130 元/月
合租・金茂光明城市,5居室,东南卧,12O,天府新区,天府新区华阳,750 元/月
合租・府河音乐花园,4居室,西卧,17O,天府新区,天府新区华阳,1290 元/月
合租・华阳滨河花园,4居室,东北卧,17O,天府新区,天府新区华阳,1260 元/月
合租・金茂光明城市,5居室,东南卧,13O,天府新区,天府新区华阳,810 元/月
合租・府河音乐花园,4居室,西卧,18O,天府新区,天府新区华阳,1290 元/月
合租・华阳滨河花园,4居室,西北卧,18O,天府新区,天府新区华阳,1290 元/月
合租・金茂光明城市,5居室,东南卧,13O,天府新区,天府新区华阳,860 元/月
整租・金茂光明城市,4室1厅,东,114O,天府新区,天府新区华阳,3200 元/月
合租・凯华丽景,5居室,东卧,12O,天府新区,天府新区四河,850 元/月
南阳盛世二期,1室0厅,东南,30O,天府新区,天府新区南湖,800 元/月
合租・远光水印城,5居室,西北卧,12O,天府新区,天府新区四河,800 元/月
合租・三利云锦,5居室,东南卧,13O,天府新区,天府新区华阳,920 元/月
万科海悦汇城东区,2室1厅,南,60O,天府新区,天府新区海洋公园,2200 元/月
独栋・FUNX青年社区,美高登店,典雅小套一,40O,天府新区,,2167 元/月
万科海悦汇城东区,2室1厅,南,60O,天府新区,天府新区海洋公园,2200 元/月
独栋・FUNX青年社区,美高登店,格调小套一,39-41O,天府新区,,2138 元/月
心怡紫晶城,3室1厅,南,15O,天府新区,天府新区锦江生态带,800 元/月
合租・家益欣城,4居室,南卧,20O,天府新区,天府新区华阳,1000 元/月
南阳锦城晶品,3室1厅,东南,83O,天府新区,天府新区四河,2400 元/月
合租・心怡紫晶城,6居室,东卧,9O,天府新区,天府新区锦江生态带,650 元/月
蜀郡,3室2厅,南,161O,天府新区,天府新区华阳,5000 元/月
合租・慕和南道,5居室,东南卧,11O,天府新区,天府新区华阳,700 元/月
整租・伏龙小区,1室0厅,东南,35O,天府新区,天府新区华阳,1450 元/月
合租・三利云锦,4居室,东南卧,12O,天府新区,天府新区华阳,880 元/月
合租・海伦印象,4居室,东南卧,13O,天府新区,天府新区华阳,1260 元/月
合租・海伦印象,4居室,东南卧,13O,天府新区,天府新区华阳,1260 元/月
合租・海伦印象,4居室,东南卧,13O,天府新区,天府新区华阳,1260 元/月
合租・戛纳湾金棕榈,5居室,东南卧,14O,天府新区,天府新区华阳,670 元/月
合租・麓山印象,6居室,东卧,14O,天府新区,天府新区海洋公园,800 元/月
宏信南樾,3室1厅,南,109O,天府新区,天府新区海洋公园,3300 元/月
三利云锦,3室2厅,南,130O,天府新区,天府新区华阳,3000 元/月
鸿阁新座,2室2厅,东,58O,天府新区,天府新区四河,2500 元/月
成都玩家,3室2厅,西,73O,天府新区,天府新区海洋公园,2600 元/月
三利云锦,3室1厅,南,131O,天府新区,天府新区华阳,4500 元/月
万科海悦汇城西区,2室1厅,东南,59O,天府新区,天府新区海洋公园,2200 元/月
整租・南阳盛世,2室1厅,南,90O,天府新区,天府新区南湖,2000 元/月
整租・洛森堡,2室1厅,南,80O,天府新区,天府新区海洋公园,2200 元/月
整租・华阳滨河花园,3室2厅,东,113O,天府新区,天府新区华阳,2700 元/月
宏达世纪锦城,2室2厅,南/北,80O,天府新区,天府新区海洋公园,2200 元/月
合租・保利锦江里,4居室,南卧,9O,天府新区,天府新区华阳,1090 元/月
景茂城果,2室1厅,西,68O,天府新区,天府新区华阳,2700 元/月
宏达世纪锦城,3室2厅,跃层,109O,天府新区,天府新区海洋公园,3500 元/月
合租・凯华丽景,4居室,东卧,8O,天府新区,天府新区四河,830 元/月
合租・美城悦荣府,3居室,东卧,12O,天府新区,天府新区华阳,1090 元/月
合租・蓝润ISC,4居室,东卧,8O,天府新区,天府新区华阳,1060 元/月
整租・鸿阁新座,2室1厅,东,78O,天府新区,天府新区四河,2550 元/月
合租・家益欣城,8居室,跃层,14O,天府新区,天府新区华阳,1120 元/月
合租・三利云锦,6居室,东南卧,11O,天府新区,天府新区华阳,750 元/月
合租・三利云锦,6居室,东南卧,11O,天府新区,天府新区华阳,750 元/月
凯莱丽景雅筑,4室2厅,东南,147O,天府新区,天府新区华阳,3200 元/月
合租・左岸花都,5居室,东北卧,15O,天府新区,天府新区华阳,1030 元/月
合租・左岸花都,5居室,东北卧,9O,天府新区,天府新区华阳,1030 元/月
独栋・FUNX青年社区,美高登店,通透单身带阳台标间,41O,天府新区,,2364 元/月
合租・府河音乐花园,4居室,东卧,11O,天府新区,天府新区华阳,860 元/月
合租・华阳滨河花园,4居室,东南卧,13O,天府新区,天府新区华阳,860 元/月
合租・华阳滨河花园,4居室,东北卧,17O,天府新区,天府新区华阳,960 元/月
万科海悦汇城西区,2室1厅,东南,60O,天府新区,天府新区海洋公园,2150 元/月
合租・美城悦荣府,4居室,南卧,15O,天府新区,天府新区华阳,1430 元/月
独栋・FUNX青年社区,美高登店,精致小套一,41-42O,天府新区,,2154 元/月
独栋・FUNX青年社区,美高登店,阳光小清新,39O,天府新区,,2378 元/月
合租・滨江和城,4居室,东卧,13O,天府新区,天府新区麓山,950 元/月
独栋・FUNX青年社区,美高登店,h影小套一,41O,天府新区,,2187 元/月
独栋・FUNX青年社区,美高登店,湖蓝观景小套一,40-41O,天府新区,,2387 元/月
合租・华阳滨河花园,5居室,西卧,17O,天府新区,天府新区华阳,1590 元/月
合租・金茂光明城市,5居室,西卧,12O,天府新区,天府新区华阳,990 元/月
整租・复地御香山,3室2厅,东,103O,天府新区,天府新区锦江生态带,3300 元/月
宏信南樾,2室2厅,西南,110O,天府新区,天府新区海洋公园,2300 元/月
万科海悦汇城西区,2室2厅,南,63O,天府新区,天府新区海洋公园,2200 元/月
合租・华阳滨河花园,4居室,西北卧,20O,天府新区,天府新区华阳,990 元/月
合租・青南美湾,6居室,东南卧,10O,天府新区,天府新区海洋公园,600 元/月
合租・府河音乐花园,4居室,西卧,18O,天府新区,天府新区华阳,990 元/月
合租・华阳滨河花园,4居室,东南卧,13O,天府新区,天府新区华阳,790 元/月
合租・心怡中丝园,5居室,东卧,12O,天府新区,天府新区麓山,700 元/月
独栋・住得嗨公寓,海昌路店,清新合租套四,/,天府新区,,650 元/月
独栋・住得嗨公寓,海昌路店,主卧带卫套四,23O,天府新区,,980 元/月
合租・凯华丽景,4居室,东南卧,12O,天府新区,天府新区四河,800 元/月
合租・远光水印城,5居室,东南卧,11O,天府新区,天府新区四河,750 元/月
景茂城果,2室1厅,南,72O,天府新区,天府新区华阳,2500 元/月
宏达世纪锦城,3室1厅,复式,96O,天府新区,天府新区海洋公园,3200 元/月
景茂城果,2室2厅,东/西,67O,天府新区,天府新区华阳,2600 元/月
合租・远光水印城,4居室,南卧,16O,天府新区,天府新区四河,1490 元/月
合租・凯华丽景,4居室,南卧,15O,天府新区,天府新区四河,1430 元/月
合租・府河音乐花园,5居室,西卧,13O,天府新区,天府新区华阳,1190 元/月
南阳盛世,2室2厅,南,88O,天府新区,天府新区南湖,2000 元/月
合租・远光水印城,4居室,东卧,16O,天府新区,天府新区四河,1390 元/月
合租・南湖国际社区,6居室,东南卧,10O,天府新区,天府新区双流城区,850 元/月
合租・南湖国际社区,6居室,东南卧,10O,天府新区,天府新区双流城区,750 元/月
合租・新鸿基悦城,4居室,北卧,15O,天府新区,天府新区海洋公园,1390 元/月
合租・复地御香山3悦,4居室,东卧,12O,天府新区,天府新区锦江生态带,1230 元/月
合租・宏达世纪锦城,4居室,北卧,15O,天府新区,天府新区海洋公园,1330 元/月
心怡中丝园,3室2厅,北,102O,天府新区,天府新区麓山,2500 元/月
宏达世纪锦城,3室2厅,东南,118O,天府新区,天府新区海洋公园,2800 元/月
南湖世纪,2室1厅,东南,71O,天府新区,天府新区南湖,1900 元/月
整租・美高登,2室1厅,东北,50O,天府新区,天府新区四河,2500 元/月
合租・蜀郡又一城,5居室,东卧,12O,天府新区,天府新区华阳,1190 元/月
成都玩家,2室2厅,东/东南,68O,天府新区,天府新区海洋公园,2500 元/月
金茂光明城市,1室0厅,南,16O,天府新区,天府新区华阳,850 元/月
戛纳湾金棕榈,3室1厅,东/南,89O,天府新区,天府新区华阳,2500 元/月
佳兆业君汇上品,3室2厅,西,106O,天府新区,天府新区南湖,1800 元/月
麓山国际帕萨迪纳3组,2室2厅,南,86O,天府新区,天府新区麓山,2500 元/月
万科海悦汇城西区,2室2厅,东南,60O,天府新区,天府新区海洋公园,2500 元/月
麓山国际帕萨迪纳3组,2室2厅,南,100O,天府新区,天府新区麓山,3000 元/月
万科海悦汇城西区,3室2厅,东南,104O,天府新区,天府新区海洋公园,2700 元/月
中信城左岸,3室1厅,东南,88O,天府新区,天府新区双流城区,1800 元/月
戛纳湾滨江,3室2厅,东,143O,天府新区,天府新区华阳,2000 元/月
凯华丽景,3室2厅,东南,90O,天府新区,天府新区四河,2700 元/月
南湖国际社区一期,2室1厅,东,83O,天府新区,天府新区南湖,2200 元/月
整租・麓山国际茵特拉肯B区,4室2厅,南,252O,天府新区,天府新区麓山,13000 元/月
合租・三利云锦,6居室,东南卧,13O,天府新区,天府新区华阳,900 元/月
合租・麓山印象,6居室,东卧,16O,天府新区,天府新区海洋公园,750 元/月
整租・蜀郡,3室1厅,南,127O,天府新区,天府新区华阳,5500 元/月
蜀郡又一城,4室1厅,东/南,109O,天府新区,天府新区华阳,4500 元/月
整租・万科海悦汇城西区,2室2厅,东南,60O,天府新区,天府新区海洋公园,2100 元/月
合租・慕和南道,4居室,南卧,15O,天府新区,天府新区华阳,750 元/月
南阳盛世二期,3室1厅,南,105O,天府新区,天府新区南湖,2900 元/月
南湖国际社区一期,3室2厅,东,127O,天府新区,天府新区南湖,2500 元/月
成南锦秀,1室1厅,东南,56O,天府新区,天府新区南湖,1600 元/月
永泰雅居,3室1厅,跃层,110O,天府新区,天府新区华阳,2000 元/月
南湖国际社区一期,2室2厅,西南/西,77O,天府新区,天府新区南湖,3000 元/月
戛纳湾滨江,1室1厅,西,48O,天府新区,天府新区华阳,1800 元/月
南湖国际社区一期,2室1厅,西,77O,天府新区,天府新区南湖,2200 元/月
整租・鑫苑鑫都汇,2室2厅,西,64O,天府新区,天府新区南湖,1600 元/月
合租・洛森堡,5居室,东卧,11O,天府新区,天府新区海洋公园,700 元/月
香山半岛,2室1厅,东南,90O,天府新区,天府新区海洋公园,3000 元/月
洛森堡,3室1厅,西南,97O,天府新区,天府新区海洋公园,2300 元/月
金茂光明城市,2室1厅,南,81O,天府新区,天府新区华阳,2100 元/月
合租・金茂光明城市,8居室,东南卧,13O,天府新区,天府新区华阳,750 元/月
合租・新鸿基悦城,3居室,西卧,8O,天府新区,天府新区海洋公园,1060 元/月
恒大天府半岛,2室2厅,东南,95O,天府新区,天府新区锦江生态带,2100 元/月
合租・蜀郡又一城,4居室,南卧,9O,天府新区,天府新区华阳,1060 元/月
鑫苑鑫都汇,3室2厅,西,85O,天府新区,天府新区南湖,2600 元/月
双华麓港,2室1厅,南,86O,天府新区,天府新区南湖,2300 元/月
合租・海伦印象,4居室,东北卧,8O,天府新区,天府新区华阳,760 元/月
合租・海伦印象,4居室,东南卧,13O,天府新区,天府新区华阳,930 元/月
合租・海伦印象,4居室,东南卧,8O,天府新区,天府新区华阳,790 元/月
合租・远光水印城,5居室,南卧,20O,天府新区,天府新区四河,1250 元/月
合租・海伦印象,4居室,东南卧,13O,天府新区,天府新区华阳,890 元/月
蜀郡又一城,2室1厅,北,83O,天府新区,天府新区华阳,2700 元/月
合租・宏达世纪锦城,6居室,东南卧,15O,天府新区,天府新区海洋公园,1100 元/月
合租・美城悦荣府,5居室,东南卧,11O,天府新区,天府新区华阳,680 元/月
心怡紫晶城,4室2厅,东/西,133O,天府新区,天府新区锦江生态带,4000 元/月
恒大名都,2室2厅,东南,87O,天府新区,天府新区海洋公园,2000 元/月
宏达世纪锦城,3室2厅,南,126O,天府新区,天府新区海洋公园,3200 元/月
万科海悦汇城东区,3室2厅,东南,105O,天府新区,天府新区海洋公园,3000 元/月
恒大名都,2室1厅,东南,76O,天府新区,天府新区海洋公园,2000 元/月
合租・御景台,5居室,东南卧,18O,天府新区,天府新区四河,1350 元/月
合租・滨江和城,4居室,东南卧,14O,天府新区,天府新区麓山,950 元/月
合租・滨江和城,4居室,南卧,9O,天府新区,天府新区麓山,650 元/月
合租・滨江和城,4居室,东卧,12O,天府新区,天府新区麓山,900 元/月
合租・滨江和城,4居室,东卧,11O,天府新区,天府新区麓山,900 元/月
恒大名都,3室2厅,东南,87O,天府新区,天府新区海洋公园,2600 元/月
合租・滨江和城,4居室,东卧,12O,天府新区,天府新区麓山,950 元/月
合租・心怡中丝园,6居室,东南卧,18O,天府新区,天府新区麓山,1000 元/月
合租・滨江和城,4居室,东卧,12O,天府新区,天府新区麓山,900 元/月
合租・金茂光明城市,4居室,东卧,15O,天府新区,天府新区华阳,1360 元/月
合租・滨江和城,4居室,东南卧,12O,天府新区,天府新区麓山,900 元/月
合租・滨江和城,4居室,南卧,13O,天府新区,天府新区麓山,1090 元/月
合租・慕和南道,5居室,北卧,24O,天府新区,天府新区华阳,1130 元/月
金茂光明城市,2室1厅,南,64O,天府新区,天府新区华阳,2400 元/月
独栋・FUNX青年社区,美高登店,织画河景小套一,40O,天府新区,,2376 元/月
合租・戛纳湾金棕榈,5居室,西卧,26O,天府新区,天府新区华阳,960 元/月
合租・戛纳湾金棕榈,4居室,南卧,12O,天府新区,天府新区华阳,1160 元/月
合租・戛纳湾滨江,5居室,东南卧,9O,天府新区,天府新区华阳,1090 元/月
恒大名都,2室2厅,东南,76O,天府新区,天府新区海洋公园,2000 元/月
合租・家益欣城,5居室,东南卧,12O,天府新区,天府新区华阳,780 元/月
保利香槟国际,1室0厅,跃层,45O,高新西区,高新西中海国际,1300 元/月
保利香槟国际,1室0厅,西北,45O,高新西区,高新西中海国际,1300 元/月
上锦颐园,3室2厅,东南,87O,高新西区,高新西高新西,1400 元/月
恒大帝景,3室2厅,东,109O,高新西区,高新西高新西,2000 元/月
万景峰二期,1室0厅,东,39O,高新西区,高新西高新西,700 元/月
橙郡二期,3室2厅,东,89O,高新西区,高新西中海国际,2500 元/月
保利香槟国际,2室1厅,南/北,45O,高新西区,高新西中海国际,2300 元/月
龙湖时代天街,1室0厅,东南,48O,高新西区,高新西高新西,1300 元/月
保利香槟国际,2室1厅,东南,45O,高新西区,高新西中海国际,2200 元/月
上锦颐园,3室2厅,南,89O,高新西区,高新西高新西,1600 元/月
恒大帝景,1室1厅,西南,39O,高新西区,高新西高新西,1100 元/月
万景峰二期,3室1厅,东南,81O,高新西区,高新西高新西,1600 元/月
橙郡三期,3室2厅,西南,92O,高新西区,高新西中海国际,2400 元/月
橙郡二期,3室1厅,南,89O,高新西区,高新西中海国际,2300 元/月
万景峰二期,3室2厅,东南,76O,高新西区,高新西高新西,1700 元/月
橙郡二期,3室2厅,东北,89O,高新西区,高新西中海国际,2800 元/月
独栋・冠寓,成都时代店,时代精装一居,1室0厅1卫,高新西区,,1449 元/月
独栋・冠寓,成都时代店,时代精装二居,2室1厅1卫,高新西区,,2209 元/月
万景峰二期,3室1厅,西南,75O,高新西区,高新西高新西,1200 元/月
万景峰二期,1室1厅,东,40O,高新西区,高新西高新西,800 元/月
万景峰一期,3室2厅,东南,86O,高新西区,高新西高新西,1650 元/月
上锦颐园佳境,2室1厅,东南,81O,高新西区,高新西高新西,1200 元/月
橙郡三期,3室2厅,西南,92O,高新西区,高新西中海国际,3300 元/月
橙郡三期,2室2厅,东北,84O,高新西区,高新西中海国际,2000 元/月
上锦颐园佳境,3室1厅,西南,89O,高新西区,高新西高新西,1500 元/月
万景峰一期,3室1厅,东南,78O,高新西区,高新西高新西,1500 元/月
中房学府海棠一期,2室1厅,西南,89O,高新西区,高新西高新西,1600 元/月
恒大帝景,1室1厅,东,33O,高新西区,高新西高新西,900 元/月
上锦颐园佳境,3室1厅,西南,89O,高新西区,高新西高新西,1500 元/月
万景峰一期,3室2厅,东南,86O,高新西区,高新西高新西,1500 元/月
整租・龙城高新天地,1室1厅,西南,38O,高新西区,高新西高新西,1200 元/月
万景峰一期,3室1厅,东南,85O,高新西区,高新西高新西,1500 元/月
上锦颐园佳境,2室1厅,东,87O,高新西区,高新西高新西,1250 元/月
万景峰二期,1室0厅,东,39O,高新西区,高新西高新西,800 元/月
万景峰二期,1室0厅,东,39O,高新西区,高新西高新西,800 元/月
万景峰一期,3室1厅,东南,86O,高新西区,高新西高新西,1700 元/月
上锦颐园,2室1厅,西南,89O,高新西区,高新西高新西,1000 元/月
上锦颐园佳境,2室2厅,西南,89O,高新西区,高新西高新西,1500 元/月
保利香槟国际,4室2厅,东南,133O,高新西区,高新西中海国际,4300 元/月
万景峰二期,1室0厅,东南,43O,高新西区,高新西高新西,800 元/月
龙城高新天地,1室1厅,东南,38O,高新西区,高新西高新西,1200 元/月
上锦颐园佳境,1室1厅,南,64O,高新西区,高新西高新西,1300 元/月
成都合院一期,3室2厅,西南,106O,高新西区,高新西高新西,2000 元/月
保利香槟国际,1室1厅,西南,45O,高新西区,高新西中海国际,1200 元/月
独栋・好寓国际青年社区,天府创业园店,田园风格,西南,高新西区,,1360 元/月
龙城高新天地,1室0厅,东南,38O,高新西区,高新西高新西,1300 元/月
保利香槟国际,2室1厅,东南,45O,高新西区,高新西中海国际,2300 元/月
保利香槟国际,1室0厅,西南,45O,高新西区,高新西中海国际,1300 元/月
上锦颐园,1室1厅,南,89O,高新西区,高新西高新西,1200 元/月
龙湖时代天街,3室2厅,南,119O,高新西区,高新西高新西,2800 元/月
独栋・好寓国际青年社区,天府创业园店,榻榻米,48O,高新西区,,1360 元/月
独栋・好寓国际青年社区,天府创业园店,阳光大床房,/,高新西区,,1360 元/月
上锦颐园,2室2厅,东南,87O,高新西区,高新西高新西,1200 元/月
万景峰一期,2室2厅,西,75O,高新西区,高新西高新西,1400 元/月
橙郡一期,3室2厅,南,129O,高新西区,高新西中海国际,3500 元/月
橙郡二期,3室1厅,南,89O,高新西区,高新西中海国际,2200 元/月
熙岸,3室2厅,南,139O,高新西区,高新西中海国际,4500 元/月
碧林,3室2厅,南,142O,高新西区,高新西中海国际,4500 元/月
保利香槟国际,1室1厅,东南,45O,高新西区,高新西中海国际,1300 元/月
龙城高新天地,1室1厅,西南,36O,高新西区,高新西高新西,1200 元/月
龙城高新天地,1室1厅,东/西南,39O,高新西区,高新西高新西,1100 元/月
橙郡二期,3室2厅,西南,86O,高新西区,高新西中海国际,3000 元/月
万景峰一期,3室1厅,东南,82O,高新西区,高新西高新西,1500 元/月
独栋・情逸公寓,百草路店,温馨情侣房,40O,高新西区,,1500 元/月
金辉悦府,1室1厅,西南,42O,高新西区,高新西高新西,2000 元/月
保利香槟国际,1室1厅,东/东南,63O,高新西区,高新西中海国际,2200 元/月
龙城高新天地,1室1厅,西南,38O,高新西区,高新西高新西,1100 元/月
上锦颐园佳境,2室1厅,东南,92O,高新西区,高新西高新西,1500 元/月
缤纷年华,3室1厅,南,70O,高新西区,高新西高新西,1500 元/月
保利香槟国际,1室1厅,东,42O,高新西区,高新西中海国际,1600 元/月
保利香槟国际,1室1厅,东南,42O,高新西区,高新西中海国际,1600 元/月
金辉悦府,2室1厅,南,89O,高新西区,高新西高新西,2000 元/月
上锦颐园佳境,3室1厅,东,93O,高新西区,高新西高新西,1400 元/月
整租・龙湖时代天街,2室1厅,西南,87O,高新西区,高新西高新西,2200 元/月
橙郡三期,2室1厅,西南,84O,高新西区,高新西中海国际,2800 元/月
保利香槟国际,1室0厅,西南,45O,高新西区,高新西中海国际,1300 元/月
橙郡二期,3室2厅,东南,89O,高新西区,高新西中海国际,3000 元/月
保利香槟国际,1室1厅,东/东南,42O,高新西区,高新西中海国际,1600 元/月
保利香槟国际,1室1厅,东/东南,42O,高新西区,高新西中海国际,1600 元/月
橙郡二期,3室1厅,北,89O,高新西区,高新西中海国际,2800 元/月
橙郡一期,3室1厅,南,122O,高新西区,高新西中海国际,4500 元/月
上锦颐园佳境,2室2厅,南/北,87O,高新西区,高新西高新西,1300 元/月
橙郡三期,2室1厅,西,89O,高新西区,高新西中海国际,3300 元/月
成都合院一期,2室1厅,西南,88O,高新西区,高新西高新西,1600 元/月
成都合院一期,2室1厅,西南,87O,高新西区,高新西高新西,1650 元/月
橙郡一期,4室2厅,东南,129O,高新西区,高新西中海国际,4000 元/月
上锦颐园,2室1厅,东南,87O,高新西区,高新西高新西,800 元/月
龙湖时代天街,2室1厅,西南,76O,高新西区,高新西高新西,2200 元/月
芙华金色海伦,3室2厅,东南,102O,高新西区,高新西高新西,2500 元/月
整租・万景峰二期,3室2厅,东南,80O,高新西区,高新西高新西,1400 元/月
成都合院公园里,3室2厅,西南,86O,高新西区,高新西高新西,1700 元/月
龙湖时代天街,2室2厅,东南,74O,高新西区,高新西高新西,1900 元/月
林庭叠院,3室2厅,东南,121O,高新西区,高新西中海国际,4000 元/月
金辉悦府,3室2厅,南,90O,高新西区,高新西高新西,2500 元/月
橙郡二期,3室1厅,东南,89O,高新西区,高新西中海国际,2900 元/月
橙郡三期,3室2厅,东南,92O,高新西区,高新西中海国际,2400 元/月
万景峰一期,3室1厅,东,87O,高新西区,高新西高新西,1500 元/月
橙郡一期,2室1厅,南,90O,高新西区,高新西中海国际,2500 元/月
橙郡一期,2室1厅,南,84O,高新西区,高新西中海国际,2000 元/月
龙城高新天地,1室1厅,东南,38O,高新西区,高新西高新西,1200 元/月
龙湖时代天街,3室2厅,东南,89O,高新西区,高新西高新西,2600 元/月
上锦颐园佳境,3室1厅,南,90O,高新西区,高新西高新西,1400 元/月
龙城高新天地,1室1厅,东南,38O,高新西区,高新西高新西,1200 元/月
橙郡三期,2室2厅,东北,84O,高新西区,高新西中海国际,2500 元/月
橙郡二期,3室2厅,东南,89O,高新西区,高新西中海国际,3500 元/月
保利香槟国际,1室1厅,西南,45O,高新西区,高新西中海国际,1300 元/月
时代睿城,3室1厅,东南,74O,高新西区,高新西高新西,1400 元/月
上锦颐园佳境,2室1厅,东,69O,高新西区,高新西高新西,1200 元/月
龙湖时代天街,3室1厅,东南,105O,高新西区,高新西高新西,2500 元/月
万景峰一期,4室2厅,东,84O,高新西区,高新西高新西,1500 元/月
上锦颐园,3室2厅,南,89O,高新西区,高新西高新西,1200 元/月
恒大帝景,1室0厅,西南,34O,高新西区,高新西高新西,1000 元/月
万景峰一期,3室1厅,东南,79O,高新西区,高新西高新西,1600 元/月
龙湖时代天街,3室2厅,北,119O,高新西区,高新西高新西,3000 元/月
保利香槟国际,2室2厅,西北,85O,高新西区,高新西中海国际,3300 元/月
上锦颐园,3室2厅,南,135O,高新西区,高新西高新西,1500 元/月
橙郡三期,2室1厅,东南,85O,高新西区,高新西中海国际,2600 元/月
整租・龙湖时代天街,2室1厅,东南,87O,高新西区,高新西高新西,2000 元/月
整租・恒大帝景,1室1厅,西南,51O,高新西区,高新西高新西,1200 元/月
保利香槟国际,1室1厅,东南,45O,高新西区,高新西中海国际,1400 元/月
万景峰一期,3室1厅,东,86O,高新西区,高新西高新西,1600 元/月
万景峰二期,3室2厅,东,75O,高新西区,高新西高新西,1700 元/月
万景峰二期,2室0厅,东南,39O,高新西区,高新西高新西,800 元/月
龙湖时代天街,1室0厅,东南/西南,28O,高新西区,高新西高新西,950 元/月
成都合院公园里,3室1厅,东南,126O,高新西区,高新西高新西,2500 元/月
龙城高新天地,1室0厅,西南,37O,高新西区,高新西高新西,1000 元/月
万景峰二期,1室0厅,东,39O,高新西区,高新西高新西,800 元/月
保利香槟国际,1室1厅,东南,45O,高新西区,高新西中海国际,2600 元/月
龙湖时代天街,3室1厅,西南,105O,高新西区,高新西高新西,2600 元/月
保利香槟国际,1室1厅,东北,45O,高新西区,高新西中海国际,1200 元/月
万景峰二期,2室0厅,西南,39O,高新西区,高新西高新西,1600 元/月
保利香槟国际,1室2厅,东南,41O,高新西区,高新西中海国际,2100 元/月
整租・橙郡二期,2室1厅,南,86O,高新西区,高新西中海国际,2600 元/月
整租・金辉悦府,3室1厅,南,89O,高新西区,高新西高新西,2400 元/月
恒大帝景,1室1厅,南,55O,高新西区,高新西高新西,1200 元/月
保利香槟国际,1室1厅,南,45O,高新西区,高新西中海国际,2400 元/月
熙岸,3室2厅,南/北,131O,高新西区,高新西中海国际,4000 元/月
橙郡二期,2室1厅,东南,79O,高新西区,高新西中海国际,2700 元/月
成都合院一期,1室0厅,西南,39O,高新西区,高新西高新西,950 元/月
成都合院公园里,2室1厅,东南,65O,高新西区,高新西高新西,1400 元/月
橙郡二期,2室2厅,东,80O,高新西区,高新西中海国际,2200 元/月
保利香槟国际,1室0厅,东南,46O,高新西区,高新西中海国际,1200 元/月
整租・保利香槟国际,2室1厅,东南,61O,高新西区,高新西中海国际,1700 元/月
龙湖时代天街,3室2厅,南,90O,高新西区,高新西高新西,2600 元/月
橙郡三期,2室1厅,西北,84O,高新西区,高新西中海国际,2300 元/月
保利香槟国际,1室0厅,西南,45O,高新西区,高新西中海国际,1400 元/月
恒大帝景,1室0厅,南,40O,高新西区,高新西高新西,1000 元/月
合租・保利香槟国际,1居室,西卧,15O,高新西区,高新西中海国际,1450 元/月
保利香槟国际,2室1厅,西南,46O,高新西区,高新西中海国际,2500 元/月
万景峰二期,3室2厅,东南,81O,高新西区,高新西高新西,1800 元/月
整租・橙郡三期,2室1厅,南,84O,高新西区,高新西中海国际,2600 元/月
林庭叠院,3室1厅,南,121O,高新西区,高新西中海国际,3000 元/月
顺源环街388号院,2室1厅,东南,73O,高新西区,高新西高新西,1200 元/月
保利香槟国际,1室1厅,东南,46O,高新西区,高新西中海国际,1300 元/月
保利香槟国际,2室1厅,东南,45O,高新西区,高新西中海国际,2300 元/月
龙湖时代天街,3室2厅,东南,91O,高新西区,高新西高新西,2400 元/月
龙湖时代天街,3室2厅,东南,92O,高新西区,高新西高新西,1800 元/月
橙郡三期,3室2厅,东南,89O,高新西区,高新西中海国际,2600 元/月
龙城高新天地,1室1厅,东南,40O,高新西区,高新西高新西,1000 元/月
保利香槟国际,1室1厅,跃层,40O,高新西区,高新西中海国际,1500 元/月
保利香槟国际,1室0厅,东南,63O,高新西区,高新西中海国际,1350 元/月
成都合院公园里,3室2厅,东南,81O,高新西区,高新西高新西,1200 元/月
保利香槟国际,2室1厅,跃层,46O,高新西区,高新西中海国际,1200 元/月
龙湖时代天街,3室2厅,南,105O,高新西区,高新西高新西,2600 元/月
橙郡三期,3室1厅,南,92O,高新西区,高新西中海国际,2600 元/月
橙郡二期,3室2厅,西北,89O,高新西区,高新西中海国际,3500 元/月
整租・时代睿城,3室1厅,东南,90O,高新西区,高新西高新西,1800 元/月
保利香槟国际,1室1厅,西南,45O,高新西区,高新西中海国际,1100 元/月
龙城高新天地,1室1厅,东南,39O,高新西区,高新西高新西,1000 元/月
整租・上锦颐园,2室1厅,南,90O,高新西区,高新西高新西,1200 元/月
恒大帝景,1室1厅,东,36O,高新西区,高新西高新西,950 元/月
保利香槟国际,1室1厅,西南,45O,高新西区,高新西中海国际,1300 元/月
保利香槟国际,2室2厅,南,63O,高新西区,高新西中海国际,3000 元/月
龙城高新天地,1室1厅,东南,38O,高新西区,高新西高新西,1100 元/月
橙郡二期,3室2厅,西南,90O,高新西区,高新西中海国际,3000 元/月
万景峰一期,3室1厅,东南,76O,高新西区,高新西高新西,1600 元/月
整租・保利香槟国际,1室1厅,南,45O,高新西区,高新西中海国际,1300 元/月
保利香槟国际,1室1厅,南,42O,高新西区,高新西中海国际,2500 元/月
上锦颐园佳境,2室1厅,东,89O,高新西区,高新西高新西,1300 元/月
橙郡三期,3室1厅,东南,92O,高新西区,高新西中海国际,2400 元/月
万景峰二期,1室1厅,东南,40O,高新西区,高新西高新西,800 元/月
保利香槟国际,1室0厅,南,45O,高新西区,高新西中海国际,1300 元/月
橙郡一期,3室1厅,东南,122O,高新西区,高新西中海国际,4500 元/月
龙湖时代天街,2室1厅,南,87O,高新西区,高新西高新西,1700 元/月
橙郡一期,2室2厅,南,89O,高新西区,高新西中海国际,2200 元/月
龙湖时代天街,2室1厅,东,87O,高新西区,高新西高新西,2000 元/月
上锦颐园,2室1厅,东南,90O,高新西区,高新西高新西,1500 元/月
保利香槟国际,1室1厅,东南,45O,高新西区,高新西中海国际,1300 元/月
整租・橙郡一期,2室1厅,南,84O,高新西区,高新西中海国际,2300 元/月
万景峰二期,1室1厅,东南,40O,高新西区,高新西高新西,850 元/月
橙郡二期,3室2厅,西南,89O,高新西区,高新西中海国际,2000 元/月
林庭叠院,3室2厅,东南,140O,高新西区,高新西中海国际,5500 元/月
龙湖时代天街,2室1厅,西南,87O,高新西区,高新西高新西,1600 元/月
龙湖时代天街,3室2厅,南/北,105O,高新西区,高新西高新西,2700 元/月
蓝岸B区,3室1厅,东南,117O,高新西区,高新西中海国际,5000 元/月
龙城高新天地,1室1厅,东南,39O,高新西区,高新西高新西,1150 元/月
整租・上锦颐园佳境,2室2厅,东,89O,高新西区,高新西高新西,1400 元/月
龙湖时代天街,2室1厅,西南,87O,高新西区,高新西高新西,1800 元/月
恒大帝景,2室2厅,东南,90O,高新西区,高新西高新西,1800 元/月
芙华金色海伦,2室1厅,东南,71O,高新西区,高新西高新西,1800 元/月
橙郡三期,3室1厅,西南,89O,高新西区,高新西中海国际,3200 元/月
蓝岸B区,3室1厅,西南,137O,高新西区,高新西中海国际,5000 元/月
万景峰二期,1室0厅,东南,39O,高新西区,高新西高新西,850 元/月
保利香槟国际,1室1厅,跃层,45O,高新西区,高新西中海国际,1300 元/月
万景峰一期,4室2厅,东,86O,高新西区,高新西高新西,1600 元/月
上锦颐园,3室2厅,东,89O,高新西区,高新西高新西,1500 元/月
整租・龙湖时代天街,2室0厅,东南,87O,高新西区,高新西高新西,1800 元/月
蓝岸A区,4室2厅,南,147O,高新西区,高新西中海国际,6000 元/月
保利香槟国际,1室1厅,东南,45O,高新西区,高新西中海国际,2000 元/月
保利香槟国际,1室1厅,东南,45O,高新西区,高新西中海国际,1300 元/月
欧城雅典,1室1厅,东,57O,双流区,双流东升镇,1200 元/月
整租・韩国城二期,1室1厅,东南,45O,双流区,双流航空港,1400 元/月
海棠湾,2室1厅,东,87O,双流区,双流双流城区,1500 元/月
整租・成都国韵村,3室2厅,复式,157O,双流区,双流蛟龙港,1000 元/月
锦绣华都,3室1厅,东南,148O,双流区,双流东升镇,1800 元/月
整租・韩国城二期,1室0厅,LOFT,45O,双流区,双流航空港,1400 元/月
整租・韩国城二期,1室1厅,东,45O,双流区,双流航空港,1400 元/月
温哥华花园六期,3室1厅,南,101O,双流区,双流航空港,2400 元/月
东立国际花城,2室1厅,南,84O,双流区,双流蛟龙港,1500 元/月
佳禾永福,3室2厅,东南,106O,双流区,双流双流城区,1500 元/月
温哥华花园六期,3室2厅,西,100O,双流区,双流航空港,2400 元/月
独栋・橙堡公寓,华丰店,宜家风套房,东南,双流区,,1399 元/月
锦绣楠郡,2室2厅,东,85O,双流区,双流蛟龙港,1200 元/月
人居都市阳光,1室1厅,南,61O,双流区,双流蛟龙港,1300 元/月
空港晶座,3室1厅,复式,102O,双流区,双流航空港,2700 元/月
整租・海棠公馆一期,2室2厅,东南,75O,双流区,双流双流城区,1500 元/月
整租・棠湖东路二段6号,3室2厅,东南,145O,双流区,双流东升镇,1500 元/月
独栋・橙堡公寓,双流金恒德店,精品标间,30-50O,双流区,,1299 元/月
独栋・橙堡公寓,双流金恒德店,精品迷你套房,30-35O,双流区,,1299 元/月
独栋・橙堡公寓,华丰店,503栋套房,55O,双流区,,1599 元/月
独栋・橙堡公寓,双流韩国城店,花园标间,46O,双流区,,1880 元/月
独栋・橙堡公寓,华丰店,特价限量标间,40O,双流区,,1299 元/月
东升国瑞,2室1厅,东南,89O,双流区,双流东升镇,1400 元/月
华腾舒云居,3室1厅,南,89O,双流区,双流蛟龙港,1600 元/月
合租・美城云庭,6居室,东南卧,12O,双流区,双流警院,750 元/月
温哥华花园四期,2室1厅,南,51O,双流区,双流航空港,1700 元/月
整租・骑龙家园二期,2室1厅,东南,76O,双流区,双流警院,2200 元/月
蓝光圣菲town城,3室2厅,南/北,141O,双流区,双流航空港,3300 元/月
北大资源公园1898,3室1厅,东,125O,双流区,双流东升镇,1000 元/月
弗客城,2室2厅,东南,86O,双流区,双流航空港,2400 元/月
温哥华花园六期,3室1厅,南,102O,双流区,双流航空港,2200 元/月
锦绣华都,4室2厅,东南,148O,双流区,双流东升镇,1500 元/月
整租・四季金悦,3室2厅,跃层,123O,双流区,双流蛟龙港,2000 元/月
整租・东立国际花城,2室1厅,南,80O,双流区,双流蛟龙港,1800 元/月
大成郡,3室1厅,南,104O,双流区,双流航空港,2500 元/月
南湖逸家二期,3室2厅,南,66O,双流区,双流双流城区,1600 元/月
合租・蓝润华府春天,3居室,东南卧,81O,双流区,双流文星镇,1800 元/月
北京城建龙樾湾,2室2厅,南,90O,双流区,双流蛟龙港,3000 元/月
弘民新城,2室1厅,东/东南,80O,双流区,双流东升镇,1000 元/月
加贝书香尚品,2室1厅,南,74O,双流区,双流航空港,1900 元/月
温哥华南苑,2室2厅,南,79O,双流区,双流航空港,2300 元/月
整租・人居都市阳光,2室1厅,北,95O,双流区,双流蛟龙港,1500 元/月
东立国际花城,2室1厅,南,79O,双流区,双流蛟龙港,1500 元/月
独栋・橙堡公寓,双流金恒德店,店长推荐特价套一,50O,双流区,,1399-1499 元/月
独栋・橙堡公寓,华丰店,503宜家精致房,55O,双流区,,1399 元/月
独栋・橙堡公寓,双流韩国城店,舒适标间,46O,双流区,,1780 元/月
空港十六区,2室2厅,南,119O,双流区,双流航空港,2000 元/月
独栋・橙堡公寓,双流韩国城店,阳台套一,55O,双流区,,2480 元/月
哥德堡,3室1厅,南,135O,双流区,双流公兴,3000 元/月
翰林上岛,1室1厅,东,86O,双流区,双流航空港,2200 元/月
翰林上岛,3室2厅,南,88O,双流区,双流航空港,2500 元/月
海棠公馆一期,3室2厅,东南,98O,双流区,双流双流城区,1700 元/月
合租・万锦城,5居室,南卧,16O,双流区,双流双流城区,780 元/月
合租・中铁骑士府邸,5居室,东南卧,16O,双流区,双流华府,720 元/月
温哥华花园,2室1厅,南,70O,双流区,双流航空港,1800 元/月
温哥华南苑,1室1厅,南/北,46O,双流区,双流航空港,1500 元/月
南湖逸家二期,2室2厅,东南,75O,双流区,双流双流城区,1700 元/月
整租・时代锦城,2室2厅,南,57O,双流区,双流双流城区,1000 元/月
整租・佳兆业现代城,2室1厅,东南,52O,双流区,双流蛟龙港,1600 元/月
大成郡,2室2厅,南,84O,双流区,双流航空港,2300 元/月
保利叶语,3室2厅,西,79O,双流区,双流双流城区,2500 元/月
独栋・港湾酒店公寓,航空港店,豪华大房,40O,双流区,,4500 元/月
翰林上岛,2室1厅,东,65O,双流区,双流航空港,2000 元/月
宗申流溪丽园,3室2厅,东南,120O,双流区,双流航空港,2100 元/月
温哥华花园四期,1室1厅,南,52O,双流区,双流航空港,1500 元/月
温哥华花园四期,2室2厅,南,60O,双流区,双流航空港,1800 元/月
独栋・橙堡公寓,双流金恒德店,精致套一,40O,双流区,,1399-1499 元/月
人居都市阳光,3室1厅,南,136O,双流区,双流蛟龙港,2400 元/月
独栋・橙堡公寓,双流金恒德店,精品舒适套一,55O,双流区,,1299 元/月
独栋・橙堡公寓,华丰店,503粉套,55O,双流区,,1599 元/月
独栋・橙堡公寓,双流韩国城店,舒适套一,55O,双流区,,2480 元/月
独栋・橙堡公寓,华丰店,粉红色套房,50O,双流区,,1599 元/月
蓝光圣菲town城,2室1厅,东南,68O,双流区,双流航空港,2000 元/月
大成郡,2室1厅,东,82O,双流区,双流航空港,2500 元/月
翰林上岛,2室1厅,西南,65O,双流区,双流航空港,1500 元/月
佳兆业8号,3室1厅,南,94O,双流区,双流蛟龙港,1800 元/月
四季花语,2室2厅,东北,86O,双流区,双流东升镇,1000 元/月
佳禾永福,3室2厅,南,92O,双流区,双流双流城区,1200 元/月
南湖逸家二期,3室2厅,南/北,85O,双流区,双流双流城区,1300 元/月
蓝光圣菲town城,3室2厅,东南,110O,双流区,双流航空港,2200 元/月
整租・景茂名都,1室1厅,东南,60O,双流区,双流蛟龙港,1000 元/月
空港十六区,3室2厅,南,152O,双流区,双流航空港,3000 元/月
独栋・小米公寓（成都）,小米公寓,温馨大床（标间）,东南,双流区,,2080 元/月
整租・人居都市阳光,3室1厅,北,137O,双流区,双流蛟龙港,1800 元/月
整租・华宜上锦,2室1厅,南,75O,双流区,双流华府,2100 元/月
景茂名都,2室2厅,西,68O,双流区,双流蛟龙港,1500 元/月
水电五局成都基地常乐小区,3室2厅,南,100O,双流区,双流航空港,1800 元/月
四季金悦,4室1厅,南,106O,双流区,双流蛟龙港,2200 元/月
空港十六区,3室2厅,东/西,139O,双流区,双流航空港,2200 元/月
南湖逸家二期,3室2厅,南,74O,双流区,双流双流城区,1800 元/月
温哥华花园四期,1室1厅,南,59O,双流区,双流航空港,1400 元/月
独栋・空姐之家公寓,双流机场店,主题双床房,45-46O,双流区,,2980 元/月
整租・格林城,2室1厅,南,70O,双流区,双流双流城区,1800 元/月
九龙仓时代小镇,2室1厅,南,70O,双流区,双流蛟龙港,1600 元/月
水电五局成都基地常乐小区,1室1厅,南,88O,双流区,双流航空港,1200 元/月
保利叶语,2室1厅,东,67O,双流区,双流双流城区,2000 元/月
双桂花园二期,2室2厅,南,79O,双流区,双流双流城区,1200 元/月
蓝光圣菲town城,2室1厅,东,70O,双流区,双流航空港,2000 元/月
棠湖泊林镇,3室2厅,跃层,131O,双流区,双流双流城区,2000 元/月
空港晶座,3室2厅,南,99O,双流区,双流航空港,2000 元/月
温哥华花园四期,2室1厅,南,51O,双流区,双流航空港,1700 元/月
加贝书香尚品,2室1厅,南,66O,双流区,双流航空港,1600 元/月
棠湖帝景,3室2厅,东,138O,双流区,双流东升镇,3000 元/月
欧城花园,1室1厅,东/东南,50O,双流区,双流东升镇,1300 元/月
川网国际花园,2室2厅,东南/南,87O,双流区,双流蛟龙港,2000 元/月
三都汇朝外,3室1厅,南,95O,双流区,双流华府,2200 元/月
温哥华花园,3室1厅,北,129O,双流区,双流航空港,2500 元/月
和贵馨城,4室2厅,东南,248O,双流区,双流航空港,6500 元/月
空港晶座,3室1厅,东,106O,双流区,双流航空港,2500 元/月
蓝光圣菲town城,3室2厅,东南,120O,双流区,双流航空港,2800 元/月
花样年别样城,3室2厅,西南,115O,双流区,双流公兴,1800 元/月
双都会,3室2厅,西南,105O,双流区,双流东升镇,1000 元/月
人居都市阳光,4室2厅,东/北,161O,双流区,双流蛟龙港,1300 元/月
华汇天地,2室1厅,南,70O,双流区,双流双流城区,1600 元/月
远大林语城南庭,3室1厅,南,74O,双流区,双流蛟龙港,2000 元/月
整租・成都国韵村,5室2厅,南,240O,双流区,双流蛟龙港,2000 元/月
独栋・千寻公寓,双流机场店,A户型,东南,双流区,,3600 元/月
独栋・空姐之家公寓,双流机场店,主题大床房,/,双流区,,2080-2980 元/月
海棠湾,3室1厅,东南,98O,双流区,双流双流城区,600 元/月
独栋・空姐之家公寓,双流机场店,特惠大床房,38O,双流区,,1980 元/月
独栋・空姐之家公寓,双流机场店,商务大床房,45O,双流区,,2480 元/月
独栋・空姐之家公寓,双流机场店,精装三人房,46O,双流区,,2980 元/月
中信城右岸,3室2厅,东,104O,双流区,双流双流城区,2300 元/月
保利叶语,3室2厅,东,82O,双流区,双流双流城区,2000 元/月
整租・景茂名都,2室2厅,西南,68O,双流区,双流蛟龙港,2000 元/月
空港十六区,2室1厅,南,138O,双流区,双流航空港,2500 元/月
棠湖泊林城,3室2厅,北,105O,双流区,双流华府,2500 元/月
独栋・南城香山服务公寓,成都南城香山服务公寓,黑科技大床房,南,双流区,,1950-2000 元/月
蓝光圣菲town城,2室1厅,东南,67O,双流区,双流航空港,1500 元/月
独栋・南城香山服务公寓,成都南城香山服务公寓,独立厨房（天然气）,42O,双流区,,2300 元/月
海棠湾,3室1厅,东/东南,116O,双流区,双流双流城区,1800 元/月
独栋・小米公寓（成都）,小米公寓,套一,55O,双流区,,1680-1880 元/月
东立国际花城,2室1厅,南,85O,双流区,双流蛟龙港,1500 元/月
整租・空港晶座,2室1厅,跃层,82O,双流区,双流航空港,2000 元/月
嘉美地,2室2厅,南,70O,双流区,双流华府,1800 元/月
警馨苑,4室2厅,东南,147O,双流区,双流航空港,3200 元/月
整租・佳兆业8号,3室1厅,南,89O,双流区,双流蛟龙港,2200 元/月
润扬书院阁,2室2厅,东,85O,双流区,双流航空港,2000 元/月
独栋・南城香山服务公寓,成都南城香山服务公寓,豪华温馨大床房,47O,双流区,,2100 元/月
大成郡,3室1厅,东,96O,双流区,双流航空港,2750 元/月
保利叶语,2室1厅,东南,66O,双流区,双流双流城区,1700 元/月
宗申流溪丽园,2室2厅,东,89O,双流区,双流航空港,2000 元/月
整租・华宜上锦,3室1厅,南,85O,双流区,双流警院,2800 元/月
蓝光圣菲town城,3室1厅,南,90O,双流区,双流航空港,2800 元/月
合租・美城云庭,4居室,东南卧,12O,双流区,双流警院,960 元/月
华银美景,3室2厅,东南/南,108O,双流区,双流华府,2600 元/月
蓝光圣菲town城,2室2厅,西北,78O,双流区,双流航空港,2300 元/月
空港十六区,2室1厅,东南,78O,双流区,双流航空港,1700 元/月
整租・东立国际花城,2室1厅,南/北,88O,双流区,双流蛟龙港,1500 元/月
佰客郡,2室1厅,南,55O,双流区,双流航空港,1600 元/月
国栋南园五星城,4室2厅,东南,180O,双流区,双流双流城区,2000 元/月
整租・优品时代三期,3室2厅,南,118O,双流区,双流蛟龙港,1000 元/月
艾佳上邸,3室1厅,东南,102O,双流区,双流双流城区,1500 元/月
佳兆业8号,2室2厅,东,75O,双流区,双流蛟龙港,1700 元/月
保利叶语,3室2厅,南,95O,双流区,双流双流城区,2000 元/月
双樱阁,2室1厅,南,50O,双流区,双流航空港,1700 元/月
整租・瑞丰花园,3室2厅,西北,125O,双流区,双流双流城区,2000 元/月
德商华府天骄,3室1厅,西,82O,双流区,双流双流城区,2300 元/月
韩国城一期,1室1厅,东,51O,双流区,双流航空港,1500 元/月
远大林语城,2室1厅,南,90O,双流区,双流蛟龙港,1700 元/月
棠湖泊林镇,2室1厅,东南,80O,双流区,双流双流城区,1500 元/月
国栋南园五星城,1室1厅,南,71O,双流区,双流双流城区,2500 元/月
空港晶座,4室2厅,跃层,104O,双流区,双流航空港,2300 元/月
蓝光圣菲town城,3室1厅,东,90O,双流区,双流航空港,2400 元/月
韩国城一期,1室0厅,南,55O,双流区,双流航空港,1200 元/月
整租・保利叶语,3室2厅,西北,86O,双流区,双流双流城区,2600 元/月
翰林上岛,2室1厅,南,68O,双流区,双流航空港,2000 元/月
弗客城,2室2厅,东,83O,双流区,双流航空港,2200 元/月
整租・嘉美地,2室1厅,东南,80O,双流区,双流警院,1800 元/月
嘉美地,3室1厅,南,88O,双流区,双流华府,2400 元/月
整租・富豪新岸,2室1厅,东,84O,双流区,双流蛟龙港,2100 元/月
空港晶座,3室2厅,跃层,102O,双流区,双流航空港,2200 元/月
韩国城二期,1室1厅,南,37O,双流区,双流航空港,1700 元/月
花样年别样城,3室2厅,南,121O,双流区,双流公兴,1600 元/月
四季金悦,2室2厅,东南,59O,双流区,双流蛟龙港,1800 元/月
温哥华花园四期,1室1厅,南,51O,双流区,双流航空港,1500 元/月
瑞升明院,2室1厅,西南,80O,双流区,双流航空港,1800 元/月
四季金悦,3室2厅,北,87O,双流区,双流蛟龙港,2000 元/月
欧洲印象,2室1厅,北,52O,双流区,双流航空港,2100 元/月
优品时代三期,3室1厅,南,100O,双流区,双流蛟龙港,2000 元/月
整租・景茂名都,2室1厅,南,85O,双流区,双流蛟龙港,1800 元/月
德商华府天骄,4室1厅,东/西,88O,双流区,双流双流城区,1800 元/月
蓝光圣菲town城,3室1厅,南,85O,双流区,双流航空港,2300 元/月
康桥品上,2室2厅,南,89O,双流区,双流航空港,2000 元/月
宗申流溪丽园,4室2厅,南,154O,双流区,双流航空港,3000 元/月
保利叶语,2室2厅,东/西,95O,双流区,双流双流城区,1600 元/月
整租・大成郡,3室1厅,西北,100O,双流区,双流航空港,2800 元/月
温哥华南苑,1室1厅,东南,43O,双流区,双流航空港,1600 元/月
弗客城,3室2厅,东/西,90O,双流区,双流航空港,2100 元/月
温哥华南苑,2室1厅,南,94O,双流区,双流航空港,2500 元/月
和贵久居福,2室1厅,南,51O,双流区,双流航空港,1900 元/月
大成郡,2室1厅,南,85O,双流区,双流航空港,2000 元/月
远大林语城,3室1厅,东,104O,双流区,双流蛟龙港,3500 元/月
欧洲印象,2室1厅,南,57O,双流区,双流航空港,1700 元/月
空港十六区,2室1厅,南,89O,双流区,双流航空港,1900 元/月
景茂名都,2室2厅,东,80O,双流区,双流蛟龙港,1800 元/月
翰林上岛,2室1厅,东,68O,双流区,双流航空港,2100 元/月
景茂名都,3室1厅,南,89O,双流区,双流蛟龙港,2200 元/月
合租・美城云庭,3居室,东卧,12O,双流区,双流华府,1530 元/月
合租・美城云庭,3居室,东卧,10O,双流区,双流华府,1590 元/月
佳兆业8号,3室1厅,南,91O,双流区,双流蛟龙港,2300 元/月
翰林上岛,2室2厅,东南,70O,双流区,双流航空港,2200 元/月
花样年别样城,3室1厅,南,115O,双流区,双流公兴,1500 元/月
蓝润棠湖春天,2室1厅,西,58O,双流区,双流航空港,1800 元/月
通瑞月光湖,1室1厅,东北,46O,双流区,双流公兴,1500 元/月
通瑞月光湖,1室1厅,东北,46O,双流区,双流公兴,1500 元/月
加贝书香尚品,2室1厅,南,74O,双流区,双流航空港,1500 元/月
宗申流溪丽园,2室2厅,西,90O,双流区,双流航空港,1900 元/月
整租・温哥华南苑,2室1厅,南,61O,双流区,双流航空港,1700 元/月
空港晶座,2室1厅,跃层,83O,双流区,双流航空港,1800 元/月
中国铁建国际城,3室2厅,东,87O,龙泉驿区,龙泉驿大面,1800 元/月
艺锦湾三期,3室1厅,东南,126O,龙泉驿区,龙泉驿龙泉驿城区,2000 元/月
皇冠国际社区三期,1室0厅,东南,46O,龙泉驿区,龙泉驿龙泉驿城区,800 元/月
整租・花香龙都,2室2厅,北,85O,龙泉驿区,龙泉驿龙泉驿城区,1700 元/月
果壳里的城,3室1厅,东南,84O,龙泉驿区,龙泉驿龙泉驿城区,1800 元/月
四季康城,3室1厅,东南,89O,龙泉驿区,龙泉驿龙泉驿城区,1400 元/月
东山国际新城E区,2室1厅,跃层,194O,龙泉驿区,龙泉驿东山,1400 元/月
天立广场,2室1厅,东南,73O,龙泉驿区,龙泉驿龙泉驿城区,1400 元/月
花香龙都,2室1厅,东南,84O,龙泉驿区,龙泉驿龙泉驿城区,1600 元/月
果壳里的城,1室1厅,南,60O,龙泉驿区,龙泉驿龙泉驿城区,1400 元/月
御源大湖区,2室2厅,东南,72O,龙泉驿区,龙泉驿龙泉驿城区,1600 元/月
森邻香堤二期,2室2厅,东南,90O,龙泉驿区,龙泉驿十陵,1600 元/月
艺锦湾二期,3室1厅,南,110O,龙泉驿区,龙泉驿龙泉驿城区,2500 元/月
花香龙都,2室1厅,南,92O,龙泉驿区,龙泉驿龙泉驿城区,1900 元/月
整租・果壳里的城,2室1厅,东/南,60O,龙泉驿区,龙泉驿龙泉驿城区,1600 元/月
果壳里的城,3室1厅,东南,87O,龙泉驿区,龙泉驿龙泉驿城区,2200 元/月
果壳里的城,1室1厅,东南,60O,龙泉驿区,龙泉驿龙泉驿城区,1500 元/月
御源大湖区,2室1厅,南,89O,龙泉驿区,龙泉驿龙泉驿城区,2100 元/月
龙泉印象,1室1厅,南,63O,龙泉驿区,龙泉驿航天,1400 元/月
藏龙苑,4室2厅,错层,153O,龙泉驿区,龙泉驿东山,900 元/月
整租・嘉合苑,1室1厅,东南,37O,龙泉驿区,龙泉驿航天,950 元/月
果壳里的城,3室1厅,东南,90O,龙泉驿区,龙泉驿龙泉驿城区,1400 元/月
整租・果壳里的城,3室2厅,南,89O,龙泉驿区,龙泉驿龙泉驿城区,2300 元/月
皇冠国际社区二期,2室1厅,东南,92O,龙泉驿区,龙泉驿龙泉驿城区,1600 元/月
整租・艺锦湾一期,3室2厅,东/东南,136O,龙泉驿区,龙泉驿龙泉驿城区,2000 元/月
整租・果壳里的城,2室1厅,东,79O,龙泉驿区,龙泉驿龙泉驿城区,2250 元/月
整租・花香龙都,2室2厅,南,90O,龙泉驿区,龙泉驿龙泉驿城区,1200 元/月
丽泉江南,3室2厅,南,118O,龙泉驿区,龙泉驿龙泉驿城区,1600 元/月
万鸿城市花园,2室1厅,东南,89O,龙泉驿区,龙泉驿龙泉驿城区,1600 元/月
御源大湖区,2室1厅,东南,81O,龙泉驿区,龙泉驿龙泉驿城区,1800 元/月
果壳里的城,2室1厅,东南,83O,龙泉驿区,龙泉驿龙泉驿城区,2300 元/月
三盛都会城,1室0厅,东南,43O,龙泉驿区,龙泉驿东山,900 元/月
整租・天立广场,1室1厅,南,53O,龙泉驿区,龙泉驿龙泉驿城区,1300 元/月
金上城,2室1厅,东南,82O,龙泉驿区,龙泉驿龙泉驿城区,1400 元/月
果壳里的城,3室1厅,东南,89O,龙泉驿区,龙泉驿龙泉驿城区,1700 元/月
蔚蓝花城B区,3室2厅,东南,121O,龙泉驿区,龙泉驿航天,1800 元/月
格调城,3室2厅,东南,85O,龙泉驿区,龙泉驿东山,1300 元/月
山水四季城,4室1厅,东南,147O,龙泉驿区,龙泉驿龙泉驿城区,2000 元/月
师大现代花园,3室1厅,东,94O,龙泉驿区,龙泉驿大面,1400 元/月
首创万卷山,3室1厅,南,89O,龙泉驿区,龙泉驿大面,3300 元/月
北泉路179号,3室2厅,东南,120O,龙泉驿区,龙泉驿龙泉驿城区,1800 元/月
恒大绿洲,2室1厅,东,75O,龙泉驿区,龙泉驿大面,1300 元/月
琥珀庭院,3室2厅,东北,108O,龙泉驿区,龙泉驿大面,2000 元/月
观澜东山,2室2厅,东南,80O,龙泉驿区,龙泉驿东山,1600 元/月
东山国际新城E区,2室1厅,东南,81O,龙泉驿区,龙泉驿东山,1100 元/月
首创东公元,4室1厅,东南,128O,龙泉驿区,龙泉驿龙泉驿城区,2000 元/月
百悦天鹅湖,3室2厅,南,94O,龙泉驿区,龙泉驿大面,2500 元/月
劲力蓝色理想,3室2厅,东南,121O,龙泉驿区,龙泉驿航天,1500 元/月
合租・龙城1号,2居室,西南卧,82O,龙泉驿区,龙泉驿大面,1000 元/月
四季映像,3室1厅,南,85O,龙泉驿区,龙泉驿大面,1700 元/月
皇冠国际社区一期,2室1厅,东南,81O,龙泉驿区,龙泉驿龙泉驿城区,1500 元/月
首创东公元,3室1厅,南,90O,龙泉驿区,龙泉驿龙泉驿城区,600 元/月
中国铁建国际城,3室2厅,北,87O,龙泉驿区,龙泉驿大面,1400 元/月
劲力蓝色理想,3室2厅,东南,128O,龙泉驿区,龙泉驿航天,1900 元/月
整租・东原晴天见,1室0厅,南,24O,龙泉驿区,龙泉驿洪河,1439 元/月
整租・银诚东方国际一期,2室2厅,南,75O,龙泉驿区,龙泉驿十陵,1200 元/月
整租・果壳里的城,3室1厅,南,89O,龙泉驿区,龙泉驿龙泉驿城区,1800 元/月
整租・果壳里的城,3室1厅,东,120O,龙泉驿区,龙泉驿龙泉驿城区,2000 元/月
合租・蔚蓝花城B区,2居室,东南卧,69O,龙泉驿区,龙泉驿航天,1300 元/月
御源大湖区,2室1厅,东南,94O,龙泉驿区,龙泉驿龙泉驿城区,2000 元/月
恒大绿洲,3室1厅,东南,122O,龙泉驿区,龙泉驿大面,1900 元/月
中天滨河名邸,4室1厅,跃层,177O,龙泉驿区,龙泉驿龙泉驿城区,2000 元/月
四季映像,2室1厅,北,50O,龙泉驿区,龙泉驿大面,1300 元/月
炜岸城一期,1室1厅,南,45O,龙泉驿区,龙泉驿大面,1200 元/月
合租・驿都城,4居室,东南卧,19O,龙泉驿区,龙泉驿龙泉驿城区,600 元/月
花香龙都,2室1厅,东南,75O,龙泉驿区,龙泉驿龙泉驿城区,1600 元/月
合租・四季映像,3居室,东南卧,15O,龙泉驿区,龙泉驿大面,605 元/月
合租・四季映像,3居室,东南卧,15O,龙泉驿区,龙泉驿大面,620 元/月
金上城,4室2厅,南,85O,龙泉驿区,龙泉驿龙泉驿城区,1600 元/月
四季康城,2室1厅,东南,71O,龙泉驿区,龙泉驿龙泉驿城区,1500 元/月
玺印上院,3室1厅,东南,97O,龙泉驿区,龙泉驿龙泉驿城区,1800 元/月
中国铁建国际城,2室1厅,西,51O,龙泉驿区,龙泉驿大面,1300 元/月
炜岸城一期,2室1厅,跃层,73O,龙泉驿区,龙泉驿大面,1800 元/月
艺锦湾二期,2室1厅,南/北,92O,龙泉驿区,龙泉驿龙泉驿城区,1800 元/月
中国铁建国际城,3室1厅,南,87O,龙泉驿区,龙泉驿大面,1600 元/月
首创东公元,2室1厅,南,82O,龙泉驿区,龙泉驿龙泉驿城区,1600 元/月
劲力蓝色理想,3室2厅,东南,120O,龙泉驿区,龙泉驿航天,2000 元/月
师大现代花园,1室0厅,跃层,45O,龙泉驿区,龙泉驿大面,1400 元/月
整租・玺印上院,3室2厅,东,96O,龙泉驿区,龙泉驿龙泉驿城区,1850 元/月
果壳里的城,3室1厅,南,86O,龙泉驿区,龙泉驿龙泉驿城区,2400 元/月
整租・龙腾东麓城,3室1厅,南,84O,龙泉驿区,龙泉驿东山,600 元/月
四季映像,1室1厅,南,33O,龙泉驿区,龙泉驿大面,1000 元/月
武城大观城市花园一期,3室2厅,南,122O,龙泉驿区,龙泉驿洪河,2100 元/月
整租・果壳里的城,3室2厅,东南,89O,龙泉驿区,龙泉驿龙泉驿城区,2200 元/月
林溪美城,3室1厅,南,98O,龙泉驿区,龙泉驿阳光城,1400 元/月
首创万卷山,3室1厅,东南,81O,龙泉驿区,龙泉驿大面,1800 元/月
劲力蓝色理想,3室1厅,东南,105O,龙泉驿区,龙泉驿航天,1600 元/月
世茂城一期,2室2厅,南,84O,龙泉驿区,龙泉驿大面,1900 元/月
东方华美苑,3室2厅,东南,120O,龙泉驿区,龙泉驿龙泉驿城区,1600 元/月
四季映像,3室1厅,南/西北,85O,龙泉驿区,龙泉驿大面,1500 元/月
四季康城,3室1厅,南,80O,龙泉驿区,龙泉驿龙泉驿城区,1500 元/月
炜岸城一期,2室1厅,南,75O,龙泉驿区,龙泉驿大面,1600 元/月
整租・皇冠国际社区二期,2室2厅,南,92O,龙泉驿区,龙泉驿龙泉驿城区,2500 元/月
劲力蓝色理想,3室2厅,东南,129O,龙泉驿区,龙泉驿航天,1500 元/月
果壳里的城,1室1厅,东,60O,龙泉驿区,龙泉驿龙泉驿城区,1600 元/月
龙城1号,5室1厅,东南,123O,龙泉驿区,龙泉驿大面,3000 元/月
山水四季城,3室2厅,东南,95O,龙泉驿区,龙泉驿龙泉驿城区,1800 元/月
独栋・宜久北欧风情公寓,师大成龙校区店,欧简大床房,24O,龙泉驿区,,1900 元/月
四季映像,1室1厅,南,33O,龙泉驿区,龙泉驿大面,1200 元/月
天立广场,2室1厅,东南,64O,龙泉驿区,龙泉驿龙泉驿城区,1300 元/月
师大现代花园,2室1厅,南,94O,龙泉驿区,龙泉驿大面,1600 元/月
华川小区,3室2厅,东南,120O,龙泉驿区,龙泉驿十陵,1600 元/月
四季映像,3室1厅,东北,86O,龙泉驿区,龙泉驿大面,1400 元/月
御源大湖区,4室2厅,南,147O,龙泉驿区,龙泉驿龙泉驿城区,2600 元/月
新城吾悦广场,3室2厅,南,81O,龙泉驿区,龙泉驿龙泉驿城区,2200 元/月
四季映像,2室1厅,南,50O,龙泉驿区,龙泉驿大面,1400 元/月
四季映像,2室1厅,北,55O,龙泉驿区,龙泉驿大面,1200 元/月
果壳里的城,2室2厅,南,76O,龙泉驿区,龙泉驿龙泉驿城区,1500 元/月
丽阳晶舍,3室2厅,南,109O,龙泉驿区,龙泉驿龙泉驿城区,1800 元/月
整租・三盛都会城,3室2厅,东南,84O,龙泉驿区,龙泉驿东山,1500 元/月
东山国际新城E区,3室2厅,西南,105O,龙泉驿区,龙泉驿东山,1600 元/月
百悦天鹅湖,3室1厅,南,94O,龙泉驿区,龙泉驿大面,2100 元/月
金茂悦龙山,3室2厅,南,89O,龙泉驿区,龙泉驿大面,1800 元/月
东山国际新城B区,2室1厅,东,80O,龙泉驿区,龙泉驿东山,1200 元/月
独栋・米啦酒店公寓,师大店,温馨大床房,25O,龙泉驿区,,1800 元/月
独栋・米啦酒店公寓,师大店,豪华大床房,45O,龙泉驿区,,2400 元/月
琥珀庭院,3室2厅,南,145O,龙泉驿区,龙泉驿大面,2500 元/月
霏红榭,3室2厅,东南,100O,龙泉驿区,龙泉驿航天,1600 元/月
独栋・龙城一号公寓,师大店,雅致单间,25-35O,龙泉驿区,,2200-2988 元/月
劲力蓝色理想,3室1厅,东南,128O,龙泉驿区,龙泉驿航天,2500 元/月
富丽苑一期,2室1厅,东南,80O,龙泉驿区,龙泉驿航天,800 元/月
独栋・天府时代酒店公寓,成龙校区师大店,标准单间,25O,龙泉驿区,,1300-1500 元/月
独栋・天府时代酒店公寓,成龙校区师大店,精品单间,25-28O,龙泉驿区,,1400-2160 元/月
观澜东山,2室2厅,东南,89O,龙泉驿区,龙泉驿东山,1600 元/月
四季康城,3室1厅,南,91O,龙泉驿区,龙泉驿龙泉驿城区,1500 元/月
春秋名邸,2室1厅,南,54O,龙泉驿区,龙泉驿龙泉驿城区,1300 元/月
独栋・天府假日精品公寓,师大成龙校区店,温馨大床房,南,龙泉驿区,,1500-2400 元/月
独栋・天府假日精品公寓,师大成龙校区店,豪华大床房,38O,龙泉驿区,,1800 元/月
独栋・天府印象酒店公寓,龙城一号川师成龙校区店,雅致大床房,26O,龙泉驿区,,2400 元/月
独栋・天府印象酒店公寓,龙城一号川师成龙校区店,舒适大床房,25O,龙泉驿区,,2380 元/月
世茂城三期,3室2厅,西南,105O,龙泉驿区,龙泉驿大面,650 元/月
独栋・熙月酒店公寓,师大成龙校区店,豪华全景大床房,35O,龙泉驿区,,3000 元/月
金上城,3室1厅,东南,90O,龙泉驿区,龙泉驿龙泉驿城区,1800 元/月
独栋・熙月酒店公寓,师大成龙校区店,舒适大床房,25O,龙泉驿区,,1800 元/月
龙城1号,3室1厅,东南,85O,龙泉驿区,龙泉驿大面,1100 元/月
四季康城,2室1厅,南/北,70O,龙泉驿区,龙泉驿龙泉驿城区,1400 元/月
锦上城,3室2厅,东南,104O,龙泉驿区,龙泉驿龙泉驿城区,700 元/月
整租・御源大湖区,3室1厅,东南,118O,龙泉驿区,龙泉驿龙泉驿城区,1600 元/月
独栋・宜久北欧风情公寓,师大成龙校区店,北欧大床房,35O,龙泉驿区,,2500 元/月
东域龙湾二期,3室1厅,东南,89O,龙泉驿区,龙泉驿航天,1400 元/月
独栋・宜久北欧风情公寓,师大成龙校区店,皇马主题房,24O,龙泉驿区,,1900 元/月
新城吾悦广场,3室2厅,东南,88O,龙泉驿区,龙泉驿龙泉驿城区,2000 元/月
合租・师大现代花园,4居室,南卧,15O,龙泉驿区,龙泉驿大面,699 元/月
独栋・宜久北欧风情公寓,师大成龙校区店,温馨大床房,24O,龙泉驿区,,2000 元/月
整租・三盛都会城,2室1厅,东南,64O,龙泉驿区,龙泉驿东山,1300 元/月
春秋名邸,2室2厅,东南,77O,龙泉驿区,龙泉驿龙泉驿城区,1300 元/月
首创万卷山,3室1厅,南,90O,龙泉驿区,龙泉驿大面,1600 元/月
恒大绿洲,3室1厅,西,92O,龙泉驿区,龙泉驿大面,2000 元/月
首创万卷山,3室2厅,南,90O,龙泉驿区,龙泉驿大面,1600 元/月
龙腾东麓城,3室1厅,东南,66O,龙泉驿区,龙泉驿东山,1200 元/月
蔚蓝花城A区,2室1厅,东南,90O,龙泉驿区,龙泉驿航天,1300 元/月
师大现代花园,2室1厅,东南,92O,龙泉驿区,龙泉驿大面,1600 元/月
果壳里的城,2室2厅,东南,79O,龙泉驿区,龙泉驿龙泉驿城区,1500 元/月
四季映像,2室1厅,南,55O,龙泉驿区,龙泉驿大面,1300 元/月
整租・果壳里的城,3室2厅,东南,89O,龙泉驿区,龙泉驿龙泉驿城区,2200 元/月
观澜东山,3室1厅,东南,80O,龙泉驿区,龙泉驿东山,1800 元/月
四季映像,3室1厅,东南,75O,龙泉驿区,龙泉驿大面,1300 元/月
果壳里的城,2室1厅,东南,83O,龙泉驿区,龙泉驿龙泉驿城区,1600 元/月
东山国际新城C区,4室2厅,东南,171O,龙泉驿区,龙泉驿东山,2500 元/月
东山国际新城H区二期,2室1厅,东南,70O,龙泉驿区,龙泉驿东山,1200 元/月
劲力蓝色理想,2室1厅,东南,90O,龙泉驿区,龙泉驿航天,1400 元/月
整租・首创东公元,3室2厅,东,83O,龙泉驿区,龙泉驿龙泉驿城区,2000 元/月
整租・万鸿城市花园,2室1厅,东南,86O,龙泉驿区,龙泉驿龙泉驿城区,1100 元/月
整租・四季康城,3室1厅,南/北,115O,龙泉驿区,龙泉驿龙泉驿城区,1700 元/月
四季映像,2室1厅,东南,57O,龙泉驿区,龙泉驿大面,1300 元/月
四季康城,2室1厅,东南,78O,龙泉驿区,龙泉驿龙泉驿城区,1400 元/月
四季康城,3室1厅,东南,91O,龙泉驿区,龙泉驿龙泉驿城区,1500 元/月
御源大湖区,2室2厅,东南,89O,龙泉驿区,龙泉驿龙泉驿城区,1500 元/月
天立广场,2室1厅,西,75O,龙泉驿区,龙泉驿龙泉驿城区,1400 元/月
龙城1号,2室2厅,西南,90O,龙泉驿区,龙泉驿大面,2000 元/月
四季映像,2室1厅,南,60O,龙泉驿区,龙泉驿大面,1400 元/月
合租・首创东公元,4居室,南卧,16O,龙泉驿区,龙泉驿龙泉驿城区,650 元/月
春秋名邸,1室1厅,东,60O,龙泉驿区,龙泉驿龙泉驿城区,1100 元/月
劲力蓝色理想,1室1厅,东南,47O,龙泉驿区,龙泉驿航天,1100 元/月
整租・东原晴天见,1室0厅,东南,24O,龙泉驿区,龙泉驿洪河,1439 元/月
天府逸家一期,3室1厅,南,86O,龙泉驿区,龙泉驿大面,1800 元/月
东域龙湾二期,2室1厅,东南,69O,龙泉驿区,龙泉驿航天,1500 元/月
劲力蓝色理想,3室1厅,东南,130O,龙泉驿区,龙泉驿航天,1800 元/月
果壳里的城,2室1厅,南/北,79O,龙泉驿区,龙泉驿龙泉驿城区,1500 元/月
林溪美城,3室1厅,东,88O,龙泉驿区,龙泉驿阳光城,1500 元/月
合租・首创万卷山,1居室,西南卧,12O,龙泉驿区,龙泉驿大面,700 元/月
师大现代花园,3室1厅,东,115O,龙泉驿区,龙泉驿大面,1600 元/月
天地晨光丽景,3室2厅,南,104O,龙泉驿区,龙泉驿洪河,2000 元/月
四季康城,3室1厅,东南,88O,龙泉驿区,龙泉驿龙泉驿城区,1500 元/月
观澜东山,3室1厅,东南,90O,龙泉驿区,龙泉驿东山,1200 元/月
自由假日,1室0厅,南,39O,龙泉驿区,龙泉驿阳光城,600 元/月
整租・果壳里的城,3室1厅,东南,90O,龙泉驿区,龙泉驿龙泉驿城区,1600 元/月
东域龙湾二期,3室1厅,南,123O,龙泉驿区,龙泉驿航天,1600 元/月
驿村苑,1室2厅,东南,59O,龙泉驿区,龙泉驿航天,1200 元/月
御源大湖区,3室1厅,东南,91O,龙泉驿区,龙泉驿龙泉驿城区,1700 元/月
人和世家,2室1厅,东南,73O,龙泉驿区,龙泉驿龙泉驿城区,1300 元/月
首创东公元,3室2厅,东南,84O,龙泉驿区,龙泉驿龙泉驿城区,2000 元/月
整租・四季映像,3室2厅,西南,75O,龙泉驿区,龙泉驿大面,1800 元/月
武城大观城市花园一期,3室2厅,东,122O,龙泉驿区,龙泉驿洪河,2000 元/月
天立广场,2室1厅,南,72O,龙泉驿区,龙泉驿龙泉驿城区,1500 元/月
东山国际新城H区三期,2室1厅,东南,74O,龙泉驿区,龙泉驿东山,1500 元/月
四季康城,3室1厅,东南,91O,龙泉驿区,龙泉驿龙泉驿城区,1500 元/月
蔚蓝花城B区,2室1厅,东南,73O,龙泉驿区,龙泉驿航天,1400 元/月
武城大观城市花园二期,3室1厅,东南,124O,龙泉驿区,龙泉驿洪河,2000 元/月
首创万卷山,3室2厅,西北,90O,龙泉驿区,龙泉驿大面,1800 元/月
整租・御源大湖区,2室1厅,东南,83O,龙泉驿区,龙泉驿龙泉驿城区,1500 元/月
独栋・正嘉酒店公寓,川师店,近川师大(成龙校区)温馨大床房,24O,龙泉驿区,,1999-2199 元/月
劲力蓝色理想,2室1厅,东南,84O,龙泉驿区,龙泉驿航天,1300 元/月
四季映像,3室2厅,东北,78O,龙泉驿区,龙泉驿大面,1500 元/月
独栋・正嘉酒店公寓,川师店,近川师（成龙校区）3D,35O,龙泉驿区,,3300 元/月
果壳里的城,1室1厅,东南,60O,龙泉驿区,龙泉驿龙泉驿城区,1500 元/月
航天乙三区,2室2厅,南,76O,龙泉驿区,龙泉驿航天,1200 元/月
独栋・正嘉酒店公寓,川师店,近川师成龙校区・四川财经学院・汽车城,35O,龙泉驿区,,2599-2998 元/月
四季映像,3室1厅,南,75O,龙泉驿区,龙泉驿大面,1700 元/月
通达二期,2室1厅,东南,92O,龙泉驿区,龙泉驿龙泉驿城区,1000 元/月
润扬北城1号,3室1厅,南,100O,新都区,新都新都城区,1500 元/月
富力桃园A区,3室2厅,东,93O,新都区,新都毗河,1200 元/月
富力桃园A区,3室2厅,东,119O,新都区,新都毗河,1300 元/月
我的大学,3室1厅,东南,89O,新都区,新都新都城区,1500 元/月
独栋・橙堡公寓,新都中集店,新都超值套二,70O,新都区,,1490 元/月
独栋・橙堡公寓,新都中集店,中集特惠套一,/,新都区,,1290 元/月
国光揽悦,4室2厅,西南,112O,新都区,新都毗河,2000 元/月
整租・五岳合福地广场,2室1厅,南,89O,新都区,新都大丰,1300 元/月
国光揽悦,3室2厅,东南,100O,新都区,新都毗河,1400 元/月
富力桃园A区,3室2厅,东,91O,新都区,新都毗河,1600 元/月
我的大学,2室1厅,南,55O,新都区,新都新都城区,1100 元/月
整租・保利春天花语,2室1厅,东南,50O,新都区,新都大丰,1400 元/月
邑品天都,3室1厅,南,99O,新都区,新都新都城区,1400 元/月
汉嘉国际,4室2厅,南,134O,新都区,新都新都城区,3200 元/月
独栋・橙堡公寓,新都中集店,新都特惠套一,/,新都区,,1190 元/月
独栋・橙堡公寓,新都中集店,精致E户型,45O,新都区,,1190 元/月
独栋・玲珑公寓,橙子公寓～新都鑫北店,50平大标间,50O,新都区,,1280 元/月
旺府豪庭,1室0厅,东,37O,新都区,新都新都城区,900 元/月
旺府豪庭,1室0厅,东南,40O,新都区,新都新都城区,1000 元/月
独栋・玲珑公寓,橙子公寓～新都鑫北店,特价房,40O,新都区,,1080 元/月
新都城市之心,2室1厅,东南,85O,新都区,新都新都城区,1500 元/月
和信天骄府,1室0厅,南,31O,新都区,新都新都城区,1100 元/月
我的大学,3室1厅,西南,72O,新都区,新都新都城区,1500 元/月
润扬北城1号,3室2厅,南,101O,新都区,新都新都城区,2100 元/月
万千城,2室1厅,南,78O,新都区,新都新都城区,1300 元/月
独栋・寓缘酒店公寓,大丰店,简约套房,50O,新都区,,1280 元/月
整租・保利公园198丁香郡,4室2厅,南,126O,新都区,新都保利公园,2000 元/月
佳乐国际城一期,3室1厅,东南,102O,新都区,新都毗河,1800 元/月
整租・天晨花溪碧,3室2厅,东南,105O,新都区,新都大丰,1600 元/月
澳洲湾,3室2厅,东南,90O,新都区,新都毗河,1800 元/月
川音嘉苑,1室0厅,南,38O,新都区,新都新都城区,1100 元/月
汇融悉尼湾达令港,3室2厅,南,89O,新都区,新都大丰,1300 元/月
旺府豪庭,1室0厅,南,35O,新都区,新都新都城区,1000 元/月
旺府豪庭,2室1厅,东南,73O,新都区,新都新都城区,1400 元/月
时代锦翠,3室2厅,东南,100O,新都区,新都大丰,1800 元/月
博雅新城C区,2室1厅,东,62O,新都区,新都大丰,1300 元/月
汉嘉国际,2室2厅,东南,114O,新都区,新都新都城区,1800 元/月
保利公园198玫瑰郡,4室1厅,东南,126O,新都区,新都保利公园,1700 元/月
富力桃园A区,2室2厅,东,90O,新都区,新都毗河,1300 元/月
渥嘉郡,1室1厅,南,55O,新都区,新都新都城区,1000 元/月
整租・汇融悉尼湾达令港,3室2厅,东南,90O,新都区,新都大丰,1600 元/月
保利城一期,2室1厅,南,75O,新都区,新都大丰,1300 元/月
合租・民生新干线,4居室,东南卧,12O,新都区,新都大丰,650 元/月
整租・汇融悉尼湾库吉岛二期,3室1厅,东南,101O,新都区,新都大丰,1500 元/月
汇融悉尼湾库吉岛一期,2室2厅,北,75O,新都区,新都大丰,1300 元/月
润扬北城1号,2室1厅,南,86O,新都区,新都新都城区,1500 元/月
保利城二期,2室1厅,南,72O,新都区,新都大丰,1600 元/月
天府香城印象,3室2厅,南,90O,新都区,新都新都城区,1700 元/月
新神风八座,2室1厅,东南,79O,新都区,新都新都城区,1300 元/月
保利城一期,2室1厅,北,76O,新都区,新都大丰,1500 元/月
富力桃园A区,3室2厅,东,130O,新都区,新都毗河,1600 元/月
思学园小区,1室1厅,东,49O,新都区,新都新都城区,900 元/月
独栋・冠寓,成都大丰店,A2温馨小居房,27O,新都区,,1119 元/月
独栋・冠寓,成都大丰店,A3阳光大窗房,1室0厅1卫,新都区,,1219 元/月
邑品天都,3室1厅,南,96O,新都区,新都新都城区,1500 元/月
独栋・冠寓,成都大丰店,A4阳光大窗房,1室0厅1卫,新都区,,1309 元/月
整租・保利春天花语,2室1厅,东南,50O,新都区,新都大丰,1300 元/月
保利城二期,3室1厅,北,96O,新都区,新都大丰,2000 元/月
邑品天都,3室2厅,南,100O,新都区,新都新都城区,1500 元/月
独栋・玲珑公寓,橙子公寓～新都鑫北店,精致标间,40O,新都区,,1180 元/月
独栋・玲珑公寓,橙子公寓～新都鑫北店,阳光套房,60O,新都区,,1580 元/月
独栋・玲珑公寓,橙子公寓～新都鑫北店,特价大标间,50O,新都区,,1180 元/月
川音嘉苑,1室0厅,南,38O,新都区,新都新都城区,1200 元/月
保利城二期,2室1厅,东南/南,69O,新都区,新都大丰,1100 元/月
独栋・玲珑公寓,橙子公寓～新都鑫北店,小清新标间,40O,新都区,,1080 元/月
旺府豪庭,1室0厅,南,35O,新都区,新都新都城区,1100 元/月
独栋・玲珑公寓,橙子公寓～新都鑫北店,温馨套一,50O,新都区,,1280 元/月
独栋・玲珑公寓,橙子公寓～新都鑫北店,舒适套一,50O,新都区,,1280 元/月
独栋・玲珑公寓,橙子公寓～新都鑫北店,小资房,40O,新都区,,1080 元/月
独栋・玲珑公寓,橙子公寓～新都鑫北店,精致套房,50O,新都区,,1280 元/月
邑品天都,2室1厅,南,55O,新都区,新都新都城区,1400 元/月
北欧印象,3室1厅,南,110O,新都区,新都新都城区,1650 元/月
整租・城北优品道,1室1厅,东,39O,新都区,新都大丰,1200 元/月
独栋・橙乐公寓,新都鑫北店,特价户型L,/,新都区,,1080 元/月
汇融悉尼湾达令港,3室2厅,东南,83O,新都区,新都大丰,1000 元/月
合租・汇融悉尼湾库吉岛二期,6居室,东南卧,14O,新都区,新都大丰,800 元/月
合租・盛世名城,5居室,东南卧,13O,新都区,新都大丰,700 元/月
合租・蓝光花满庭二期,6居室,东南卧,14O,新都区,新都大丰,650 元/月
麦田国际社区,3室2厅,南,91O,新都区,新都新都城区,1350 元/月
合租・蓝光花满庭二期,6居室,东南卧,13O,新都区,新都大丰,600 元/月
合租・蓝光花满庭二期,6居室,东南卧,13O,新都区,新都大丰,600 元/月
合租・民生新干线,4居室,东南卧,11O,新都区,新都大丰,600 元/月
富力桃园B区,3室1厅,东南,110O,新都区,新都毗河,2000 元/月
富力桃园A区,3室1厅,南,95O,新都区,新都毗河,1600 元/月
独栋・寓缘酒店公寓,大丰店,温馨大套房,60O,新都区,,1580 元/月
独栋・寓缘酒店公寓,大丰店,舒适小标间,40O,新都区,,1180 元/月
独栋・寓缘酒店公寓,大丰店,简洁特价大标间,50O,新都区,,1180 元/月
独栋・橙堡公寓,新都中集店,精致套房,40-45O,新都区,,1090 元/月
独栋・橙堡公寓,新都中集店,小套二,60O,新都区,,1680 元/月
独栋・寓缘酒店公寓,大丰店,小资房,40O,新都区,,1080 元/月
独栋・寓缘酒店公寓,大丰店,公主房,50O,新都区,,1280 元/月
独栋・寓缘酒店公寓,大丰店,特价房,40O,新都区,,1080 元/月
我的大学,2室1厅,东南,50O,新都区,新都新都城区,1200 元/月
富力桃园A区,3室2厅,东南,91O,新都区,新都毗河,2000 元/月
合租・富力桃园A区,3居室,东卧,128O,新都区,新都毗河,700 元/月
保利公园198玫瑰郡,4室2厅,东南,132O,新都区,新都保利公园,1500 元/月
万科金域缇香二期,2室1厅,南,79O,新都区,新都毗河,2000 元/月
天府香城,2室1厅,东,102O,新都区,新都新都城区,1500 元/月
博雅新城C区,2室1厅,西南,80O,新都区,新都大丰,1300 元/月
保利公园198百合郡,2室2厅,东南,90O,新都区,新都保利公园,500 元/月
和信天骄府,1室0厅,南,31O,新都区,新都新都城区,900 元/月
保利城二期,2室1厅,东,73O,新都区,新都大丰,1300 元/月
汉嘉国际,2室2厅,东南,114O,新都区,新都新都城区,800 元/月
富力桃园A区,4室2厅,东南/西南,128O,新都区,新都毗河,1700 元/月
澳洲湾,3室2厅,南,98O,新都区,新都毗河,1700 元/月
旺府豪庭,2室1厅,东,72O,新都区,新都新都城区,1500 元/月
新都城市之心,2室2厅,南,84O,新都区,新都新都城区,1200 元/月
和信天骄府,1室0厅,东南,31O,新都区,新都新都城区,1000 元/月
博雅新城A区,2室1厅,东南,88O,新都区,新都大丰,1300 元/月
保利春天花语,3室2厅,西北,65O,新都区,新都大丰,1400 元/月
佳乐国际城二期,2室2厅,南,81O,新都区,新都毗河,1500 元/月
保利城二期,3室2厅,南,97O,新都区,新都大丰,1300 元/月
开元国际,3室2厅,东北,93O,新都区,新都大丰,1500 元/月
保利城三期,2室1厅,西南,70O,新都区,新都大丰,1200 元/月
整租・保利春天花语,3室1厅,东南,65O,新都区,新都大丰,1000 元/月
汉嘉国际,3室2厅,东南,134O,新都区,新都新都城区,2200 元/月
独栋・橙乐公寓,新都鑫北店,鑫北推荐新上套一,/,新都区,,1180 元/月
海伦国际一期,2室1厅,西南,78O,新都区,新都新都城区,1400 元/月
独栋・橙乐公寓,新都鑫北店,精致转角大标间,南,新都区,,1080-1180 元/月
富力桃园B区,3室2厅,东南,98O,新都区,新都毗河,1900 元/月
润扬北城1号,3室1厅,西南,88O,新都区,新都新都城区,1800 元/月
川音嘉苑,3室2厅,南,92O,新都区,新都新都城区,2200 元/月
雅舍河畔,3室2厅,南,136O,新都区,新都新都城区,700 元/月
国光揽悦,3室2厅,东南,100O,新都区,新都毗河,1300 元/月
富豪公馆,3室2厅,南,118O,新都区,新都新都城区,1500 元/月
川音嘉苑,1室1厅,南,38O,新都区,新都新都城区,1000 元/月
富力桃园B区,3室2厅,东南,108O,新都区,新都毗河,1500 元/月
御城,1室1厅,南,73O,新都区,新都新都城区,1200 元/月
富力桃园B区,3室2厅,东,89O,新都区,新都毗河,500 元/月
丽水金都,3室2厅,东南,142O,新都区,新都毗河,2000 元/月
保利城三期,3室1厅,北,116O,新都区,新都大丰,2200 元/月
我的大学,3室1厅,东,78O,新都区,新都新都城区,1500 元/月
润禾花园,2室2厅,南,76O,新都区,新都大丰,1300 元/月
汇融悉尼湾库吉岛一期,3室1厅,东南/南,99O,新都区,新都大丰,1600 元/月
新都花园二期,2室2厅,南,95O,新都区,新都新都城区,1500 元/月
独栋・橙乐公寓,新都鑫北店,精致套一,东南,新都区,,1180 元/月
整租・博雅新城C区,2室1厅,东,88O,新都区,新都大丰,600 元/月
独栋・橙乐公寓,新都鑫北店,舒适标间,东南,新都区,,1180-1380 元/月
汇融悉尼湾达令港,3室1厅,东,85O,新都区,新都大丰,1300 元/月
天府香城,3室2厅,南/北,110O,新都区,新都新都城区,1650 元/月
保利公园198百合郡,4室1厅,南,138O,新都区,新都保利公园,2500 元/月
北新润苑二期,5室2厅,南/北,273O,新都区,新都大丰,3750 元/月
整租・富力桃园A区,3室2厅,东南,107O,新都区,新都毗河,1800 元/月
万科双水岸,3室1厅,南,108O,新都区,新都毗河,2000 元/月
保利城一期,2室2厅,南/北,73O,新都区,新都大丰,1500 元/月
旺府豪庭,3室2厅,南,100O,新都区,新都新都城区,1500 元/月
维也纳花园一期,3室2厅,东南,112O,新都区,新都新都城区,1500 元/月
保利公园198蔷薇郡,4室2厅,西北,140O,新都区,新都保利公园,2200 元/月
保利城一期,2室1厅,北,75O,新都区,新都大丰,2000 元/月
缤纷新天地,1室0厅,南,31O,新都区,新都新都城区,800 元/月
缤纷新天地,2室1厅,东南,59O,新都区,新都新都城区,1300 元/月
保利公园198丁香郡,4室2厅,东南,132O,新都区,新都保利公园,3000 元/月
整租・博雅新城A区,2室1厅,南,88O,新都区,新都大丰,1200 元/月
汇融悉尼湾库吉岛一期,2室1厅,南,95O,新都区,新都大丰,700 元/月
旺府豪庭,1室1厅,南,40O,新都区,新都新都城区,1050 元/月
独栋・橙乐公寓,新都鑫北店,温馨标间,/,新都区,,1080 元/月
保利公园198玫瑰郡,3室1厅,东南,106O,新都区,新都保利公园,2000 元/月
状元府邸(新都),1室0厅,东,37O,新都区,新都新都城区,1000 元/月
万科五龙山九墅,4室1厅,南,152O,新都区,新都毗河,4600 元/月
保利公园198玫瑰郡,4室1厅,东南,130O,新都区,新都保利公园,2000 元/月
圣采泊尚,3室2厅,东北,71O,新都区,新都大丰,1500 元/月
保利春天花语,3室1厅,南,90O,新都区,新都大丰,1500 元/月
合租・北新润苑二期,6居室,东南卧,12O,新都区,新都大丰,600 元/月
合租・北新润苑二期,5居室,东南卧,14O,新都区,新都大丰,630 元/月
合租・保利春天花语,4居室,东南卧,13O,新都区,新都大丰,650 元/月
合租・开元国际,4居室,东南卧,13O,新都区,新都大丰,600 元/月
整租・汇融悉尼湾库吉岛一期,2室1厅,西,94O,新都区,新都大丰,1400 元/月
融创凯旋公馆,3室1厅,东,71O,新都区,新都大丰,1400 元/月
神仙树小区,3室1厅,南,126O,新都区,新都新都城区,1300 元/月
邑品天都,3室1厅,东南,110O,新都区,新都新都城区,1500 元/月
整租・汇融广场,2室1厅,东南,71O,新都区,新都大丰,1800 元/月
保利公园198蔷薇郡,4室2厅,东南,135O,新都区,新都保利公园,2100 元/月
富力桃园B区,2室2厅,东,74O,新都区,新都毗河,1500 元/月
富豪公馆,3室2厅,南,118O,新都区,新都新都城区,2000 元/月
绿地城,3室1厅,东南,104O,新都区,新都大丰,700 元/月
整租・博雅新城A区,2室2厅,南,89O,新都区,新都大丰,1300 元/月
汇融悉尼湾库吉岛一期,3室1厅,东南,97O,新都区,新都大丰,1600 元/月
整租・北新润苑二期,3室1厅,东,130O,新都区,新都大丰,1500 元/月
汇融悉尼湾达令港,2室1厅,南,68O,新都区,新都大丰,1200 元/月
绿地城,3室1厅,南/北,78O,新都区,新都大丰,1600 元/月
保利紫荆花语,3室2厅,东南,79O,新都区,新都保利公园,1600 元/月
整租・汇融悉尼湾达令港,3室1厅,东南,86O,新都区,新都大丰,1200 元/月
整租・融创凯旋公馆,3室1厅,南,70O,新都区,新都大丰,1200 元/月
富力桃园A区,2室2厅,东,76O,新都区,新都毗河,1500 元/月
汇融悉尼湾达令港,2室1厅,西南,60O,新都区,新都大丰,1200 元/月
整租・保利城二期,2室2厅,南,79O,新都区,新都大丰,1300 元/月
香城丽园紫薇苑,2室1厅,西南,98O,新都区,新都新都城区,1300 元/月
汉嘉国际,3室2厅,东南,131O,新都区,新都新都城区,2700 元/月
汇融悉尼湾库吉岛二期,2室2厅,南/北,80O,新都区,新都大丰,1500 元/月
整租・润禾花园,2室1厅,南,85O,新都区,新都大丰,1400 元/月
橄榄郡,3室2厅,南,120O,新都区,新都新都城区,2000 元/月
芙蓉名城三期,3室2厅,南,110O,新都区,新都新都城区,1800 元/月
保利城二期,2室1厅,东南,69O,新都区,新都大丰,1400 元/月
佳乐国际城一期,3室2厅,西,101O,新都区,新都毗河,1800 元/月
新神风八座,2室1厅,东南,80O,新都区,新都新都城区,1500 元/月
时代锦翠,3室2厅,东南,98O,新都区,新都大丰,1300 元/月
博雅新城C区,2室1厅,西,88O,新都区,新都大丰,1500 元/月
保利城三期,2室2厅,南,90O,新都区,新都大丰,1800 元/月
汇融悉尼湾达令港,3室2厅,南,82O,新都区,新都大丰,1600 元/月
学府苑(新都),2室1厅,南,80O,新都区,新都新都城区,1400 元/月
香界,2室2厅,东南,90O,新都区,新都新都城区,1800 元/月
汇融悉尼湾库吉岛二期,2室1厅,东,94O,新都区,新都大丰,2000 元/月
整租・博雅丽景,3室2厅,跃层,121O,新都区,新都大丰,1200 元/月
汇融悉尼湾达令港,3室1厅,东南/南,83O,新都区,新都大丰,1600 元/月
保利城一期,2室1厅,南,75O,新都区,新都大丰,1400 元/月
富力桃园B区,3室2厅,东,112O,新都区,新都毗河,1500 元/月
汇融悉尼湾达令港,3室1厅,东,90O,新都区,新都大丰,1700 元/月
麦田国际社区,3室2厅,东南,87O,新都区,新都新都城区,1400 元/月
保利春天花语,3室1厅,东南,94O,新都区,新都大丰,1400 元/月
整租・圣采泊尚,2室1厅,北,64O,新都区,新都大丰,1300 元/月
